test_set,tamper_type,analysis_only,threshold,tp,fp,fn,tn,precision,recall,f1,iou,accuracy,specificity,false_positive_rate,false_negative_rate
TestingSet,generation,True,0.01,76,2945,106,9161,0.025157232704402517,0.4175824175824176,0.04745551045894474,0.024304445155100735,0.751708984375,0.7567321989096316,0.2432678010903684,0.5824175824175825
TestingSet,generation,True,0.02,76,2945,106,9161,0.025157232704402517,0.4175824175824176,0.04745551045894474,0.024304445155100735,0.751708984375,0.7567321989096316,0.2432678010903684,0.5824175824175825
TestingSet,generation,True,0.03,76,2945,106,9161,0.025157232704402517,0.4175824175824176,0.04745551045894474,0.024304445155100735,0.751708984375,0.7567321989096316,0.2432678010903684,0.5824175824175825
TestingSet,generation,True,0.04,76,2945,106,9161,0.025157232704402517,0.4175824175824176,0.04745551045894474,0.024304445155100735,0.751708984375,0.7567321989096316,0.2432678010903684,0.5824175824175825
TestingSet,generation,True,0.05,76,2945,106,9161,0.025157232704402517,0.4175824175824176,0.04745551045894474,0.024304445155100735,0.751708984375,0.7567321989096316,0.2432678010903684,0.5824175824175825
TestingSet,generation,True,0.06,76,2945,106,9161,0.025157232704402517,0.4175824175824176,0.04745551045894474,0.024304445155100735,0.751708984375,0.7567321989096316,0.2432678010903684,0.5824175824175825
TestingSet,generation,True,0.07,76,2945,106,9161,0.025157232704402517,0.4175824175824176,0.04745551045894474,0.024304445155100735,0.751708984375,0.7567321989096316,0.2432678010903684,0.5824175824175825
TestingSet,generation,True,0.08,76,2945,106,9161,0.025157232704402517,0.4175824175824176,0.04745551045894474,0.024304445155100735,0.751708984375,0.7567321989096316,0.2432678010903684,0.5824175824175825
TestingSet,generation,True,0.09,76,2945,106,9161,0.025157232704402517,0.4175824175824176,0.04745551045894474,0.024304445155100735,0.751708984375,0.7567321989096316,0.2432678010903684,0.5824175824175825
TestingSet,generation,True,0.1,76,2945,106,9161,0.025157232704402517,0.4175824175824176,0.04745551045894474,0.024304445155100735,0.751708984375,0.7567321989096316,0.2432678010903684,0.5824175824175825
TestingSet,generation,True,0.11,76,2945,106,9161,0.025157232704402517,0.4175824175824176,0.04745551045894474,0.024304445155100735,0.751708984375,0.7567321989096316,0.2432678010903684,0.5824175824175825
TestingSet,generation,True,0.12,76,2945,106,9161,0.025157232704402517,0.4175824175824176,0.04745551045894474,0.024304445155100735,0.751708984375,0.7567321989096316,0.2432678010903684,0.5824175824175825
TestingSet,generation,True,0.13,76,2945,106,9161,0.025157232704402517,0.4175824175824176,0.04745551045894474,0.024304445155100735,0.751708984375,0.7567321989096316,0.2432678010903684,0.5824175824175825
TestingSet,generation,True,0.14,76,2945,106,9161,0.025157232704402517,0.4175824175824176,0.04745551045894474,0.024304445155100735,0.751708984375,0.7567321989096316,0.2432678010903684,0.5824175824175825
TestingSet,generation,True,0.15,76,2945,106,9161,0.025157232704402517,0.4175824175824176,0.04745551045894474,0.024304445155100735,0.751708984375,0.7567321989096316,0.2432678010903684,0.5824175824175825
TestingSet,generation,True,0.16,76,2945,106,9161,0.025157232704402517,0.4175824175824176,0.04745551045894474,0.024304445155100735,0.751708984375,0.7567321989096316,0.2432678010903684,0.5824175824175825
TestingSet,generation,True,0.17,76,2945,106,9161,0.025157232704402517,0.4175824175824176,0.04745551045894474,0.024304445155100735,0.751708984375,0.7567321989096316,0.2432678010903684,0.5824175824175825
TestingSet,generation,True,0.18,76,2945,106,9161,0.025157232704402517,0.4175824175824176,0.04745551045894474,0.024304445155100735,0.751708984375,0.7567321989096316,0.2432678010903684,0.5824175824175825
TestingSet,generation,True,0.19,76,2945,106,9161,0.025157232704402517,0.4175824175824176,0.04745551045894474,0.024304445155100735,0.751708984375,0.7567321989096316,0.2432678010903684,0.5824175824175825
TestingSet,generation,True,0.2,76,2945,106,9161,0.025157232704402517,0.4175824175824176,0.04745551045894474,0.024304445155100735,0.751708984375,0.7567321989096316,0.2432678010903684,0.5824175824175825
TestingSet,generation,True,0.21,76,2945,106,9161,0.025157232704402517,0.4175824175824176,0.04745551045894474,0.024304445155100735,0.751708984375,0.7567321989096316,0.2432678010903684,0.5824175824175825
TestingSet,generation,True,0.22,76,2945,106,9161,0.025157232704402517,0.4175824175824176,0.04745551045894474,0.024304445155100735,0.751708984375,0.7567321989096316,0.2432678010903684,0.5824175824175825
TestingSet,generation,True,0.23,76,2945,106,9161,0.025157232704402517,0.4175824175824176,0.04745551045894474,0.024304445155100735,0.751708984375,0.7567321989096316,0.2432678010903684,0.5824175824175825
TestingSet,generation,True,0.24,76,2945,106,9161,0.025157232704402517,0.4175824175824176,0.04745551045894474,0.024304445155100735,0.751708984375,0.7567321989096316,0.2432678010903684,0.5824175824175825
TestingSet,generation,True,0.25,76,2945,106,9161,0.025157232704402517,0.4175824175824176,0.04745551045894474,0.024304445155100735,0.751708984375,0.7567321989096316,0.2432678010903684,0.5824175824175825
TestingSet,generation,True,0.26,76,2945,106,9161,0.025157232704402517,0.4175824175824176,0.04745551045894474,0.024304445155100735,0.751708984375,0.7567321989096316,0.2432678010903684,0.5824175824175825
TestingSet,generation,True,0.27,76,2945,106,9161,0.025157232704402517,0.4175824175824176,0.04745551045894474,0.024304445155100735,0.751708984375,0.7567321989096316,0.2432678010903684,0.5824175824175825
TestingSet,generation,True,0.28,76,2945,106,9161,0.025157232704402517,0.4175824175824176,0.04745551045894474,0.024304445155100735,0.751708984375,0.7567321989096316,0.2432678010903684,0.5824175824175825
TestingSet,generation,True,0.29,76,2945,106,9161,0.025157232704402517,0.4175824175824176,0.04745551045894474,0.024304445155100735,0.751708984375,0.7567321989096316,0.2432678010903684,0.5824175824175825
TestingSet,generation,True,0.3,76,2945,106,9161,0.025157232704402517,0.4175824175824176,0.04745551045894474,0.024304445155100735,0.751708984375,0.7567321989096316,0.2432678010903684,0.5824175824175825
TestingSet,generation,True,0.31,76,2945,106,9161,0.025157232704402517,0.4175824175824176,0.04745551045894474,0.024304445155100735,0.751708984375,0.7567321989096316,0.2432678010903684,0.5824175824175825
TestingSet,generation,True,0.32,76,2945,106,9161,0.025157232704402517,0.4175824175824176,0.04745551045894474,0.024304445155100735,0.751708984375,0.7567321989096316,0.2432678010903684,0.5824175824175825
TestingSet,generation,True,0.33,76,2945,106,9161,0.025157232704402517,0.4175824175824176,0.04745551045894474,0.024304445155100735,0.751708984375,0.7567321989096316,0.2432678010903684,0.5824175824175825
TestingSet,generation,True,0.34,29,1308,153,10798,0.02169035153328347,0.15934065934065933,0.03818301514154049,0.019463087248322148,0.881103515625,0.8919544027754832,0.10804559722451677,0.8406593406593407
TestingSet,generation,True,0.35,29,1308,153,10798,0.02169035153328347,0.15934065934065933,0.03818301514154049,0.019463087248322148,0.881103515625,0.8919544027754832,0.10804559722451677,0.8406593406593407
TestingSet,generation,True,0.36,29,1308,153,10798,0.02169035153328347,0.15934065934065933,0.03818301514154049,0.019463087248322148,0.881103515625,0.8919544027754832,0.10804559722451677,0.8406593406593407
TestingSet,generation,True,0.37,29,1308,153,10798,0.02169035153328347,0.15934065934065933,0.03818301514154049,0.019463087248322148,0.881103515625,0.8919544027754832,0.10804559722451677,0.8406593406593407
TestingSet,generation,True,0.38,29,1308,153,10798,0.02169035153328347,0.15934065934065933,0.03818301514154049,0.019463087248322148,0.881103515625,0.8919544027754832,0.10804559722451677,0.8406593406593407
TestingSet,generation,True,0.39,29,1308,153,10798,0.02169035153328347,0.15934065934065933,0.03818301514154049,0.019463087248322148,0.881103515625,0.8919544027754832,0.10804559722451677,0.8406593406593407
TestingSet,generation,True,0.4,29,1308,153,10798,0.02169035153328347,0.15934065934065933,0.03818301514154049,0.019463087248322148,0.881103515625,0.8919544027754832,0.10804559722451677,0.8406593406593407
TestingSet,generation,True,0.41,29,1308,153,10798,0.02169035153328347,0.15934065934065933,0.03818301514154049,0.019463087248322148,0.881103515625,0.8919544027754832,0.10804559722451677,0.8406593406593407
TestingSet,generation,True,0.42,29,1308,153,10798,0.02169035153328347,0.15934065934065933,0.03818301514154049,0.019463087248322148,0.881103515625,0.8919544027754832,0.10804559722451677,0.8406593406593407
TestingSet,generation,True,0.43,29,1308,153,10798,0.02169035153328347,0.15934065934065933,0.03818301514154049,0.019463087248322148,0.881103515625,0.8919544027754832,0.10804559722451677,0.8406593406593407
TestingSet,generation,True,0.44,29,1308,153,10798,0.02169035153328347,0.15934065934065933,0.03818301514154049,0.019463087248322148,0.881103515625,0.8919544027754832,0.10804559722451677,0.8406593406593407
TestingSet,generation,True,0.45,29,1308,153,10798,0.02169035153328347,0.15934065934065933,0.03818301514154049,0.019463087248322148,0.881103515625,0.8919544027754832,0.10804559722451677,0.8406593406593407
TestingSet,generation,True,0.46,29,1308,153,10798,0.02169035153328347,0.15934065934065933,0.03818301514154049,0.019463087248322148,0.881103515625,0.8919544027754832,0.10804559722451677,0.8406593406593407
TestingSet,generation,True,0.47,29,1308,153,10798,0.02169035153328347,0.15934065934065933,0.03818301514154049,0.019463087248322148,0.881103515625,0.8919544027754832,0.10804559722451677,0.8406593406593407
TestingSet,generation,True,0.48,29,1308,153,10798,0.02169035153328347,0.15934065934065933,0.03818301514154049,0.019463087248322148,0.881103515625,0.8919544027754832,0.10804559722451677,0.8406593406593407
TestingSet,generation,True,0.49,29,1308,153,10798,0.02169035153328347,0.15934065934065933,0.03818301514154049,0.019463087248322148,0.881103515625,0.8919544027754832,0.10804559722451677,0.8406593406593407
TestingSet,generation,True,0.5,29,1308,153,10798,0.02169035153328347,0.15934065934065933,0.03818301514154049,0.019463087248322148,0.881103515625,0.8919544027754832,0.10804559722451677,0.8406593406593407
TestingSet,generation,True,0.51,16,623,166,11483,0.025039123630672927,0.08791208791208792,0.0389768574908648,0.01987577639751553,0.935791015625,0.9485379150834297,0.0514620849165703,0.9120879120879121
TestingSet,generation,True,0.52,16,623,166,11483,0.025039123630672927,0.08791208791208792,0.0389768574908648,0.01987577639751553,0.935791015625,0.9485379150834297,0.0514620849165703,0.9120879120879121
TestingSet,generation,True,0.53,16,623,166,11483,0.025039123630672927,0.08791208791208792,0.0389768574908648,0.01987577639751553,0.935791015625,0.9485379150834297,0.0514620849165703,0.9120879120879121
TestingSet,generation,True,0.54,16,623,166,11483,0.025039123630672927,0.08791208791208792,0.0389768574908648,0.01987577639751553,0.935791015625,0.9485379150834297,0.0514620849165703,0.9120879120879121
TestingSet,generation,True,0.55,16,623,166,11483,0.025039123630672927,0.08791208791208792,0.0389768574908648,0.01987577639751553,0.935791015625,0.9485379150834297,0.0514620849165703,0.9120879120879121
TestingSet,generation,True,0.56,16,623,166,11483,0.025039123630672927,0.08791208791208792,0.0389768574908648,0.01987577639751553,0.935791015625,0.9485379150834297,0.0514620849165703,0.9120879120879121
TestingSet,generation,True,0.57,16,623,166,11483,0.025039123630672927,0.08791208791208792,0.0389768574908648,0.01987577639751553,0.935791015625,0.9485379150834297,0.0514620849165703,0.9120879120879121
TestingSet,generation,True,0.58,16,623,166,11483,0.025039123630672927,0.08791208791208792,0.0389768574908648,0.01987577639751553,0.935791015625,0.9485379150834297,0.0514620849165703,0.9120879120879121
TestingSet,generation,True,0.59,16,623,166,11483,0.025039123630672927,0.08791208791208792,0.0389768574908648,0.01987577639751553,0.935791015625,0.9485379150834297,0.0514620849165703,0.9120879120879121
TestingSet,generation,True,0.6,16,623,166,11483,0.025039123630672927,0.08791208791208792,0.0389768574908648,0.01987577639751553,0.935791015625,0.9485379150834297,0.0514620849165703,0.9120879120879121
TestingSet,generation,True,0.61,16,623,166,11483,0.025039123630672927,0.08791208791208792,0.0389768574908648,0.01987577639751553,0.935791015625,0.9485379150834297,0.0514620849165703,0.9120879120879121
TestingSet,generation,True,0.62,16,623,166,11483,0.025039123630672927,0.08791208791208792,0.0389768574908648,0.01987577639751553,0.935791015625,0.9485379150834297,0.0514620849165703,0.9120879120879121
TestingSet,generation,True,0.63,16,623,166,11483,0.025039123630672927,0.08791208791208792,0.0389768574908648,0.01987577639751553,0.935791015625,0.9485379150834297,0.0514620849165703,0.9120879120879121
TestingSet,generation,True,0.64,16,623,166,11483,0.025039123630672927,0.08791208791208792,0.0389768574908648,0.01987577639751553,0.935791015625,0.9485379150834297,0.0514620849165703,0.9120879120879121
TestingSet,generation,True,0.65,16,623,166,11483,0.025039123630672927,0.08791208791208792,0.0389768574908648,0.01987577639751553,0.935791015625,0.9485379150834297,0.0514620849165703,0.9120879120879121
TestingSet,generation,True,0.66,16,623,166,11483,0.025039123630672927,0.08791208791208792,0.0389768574908648,0.01987577639751553,0.935791015625,0.9485379150834297,0.0514620849165703,0.9120879120879121
TestingSet,generation,True,0.67,9,291,173,11815,0.03,0.04945054945054945,0.03734439834024896,0.019027484143763214,0.9622395833333334,0.9759623327275732,0.024037667272426896,0.9505494505494505
TestingSet,generation,True,0.68,9,291,173,11815,0.03,0.04945054945054945,0.03734439834024896,0.019027484143763214,0.9622395833333334,0.9759623327275732,0.024037667272426896,0.9505494505494505
TestingSet,generation,True,0.69,9,291,173,11815,0.03,0.04945054945054945,0.03734439834024896,0.019027484143763214,0.9622395833333334,0.9759623327275732,0.024037667272426896,0.9505494505494505
TestingSet,generation,True,0.7,9,291,173,11815,0.03,0.04945054945054945,0.03734439834024896,0.019027484143763214,0.9622395833333334,0.9759623327275732,0.024037667272426896,0.9505494505494505
TestingSet,generation,True,0.71,9,291,173,11815,0.03,0.04945054945054945,0.03734439834024896,0.019027484143763214,0.9622395833333334,0.9759623327275732,0.024037667272426896,0.9505494505494505
TestingSet,generation,True,0.72,9,291,173,11815,0.03,0.04945054945054945,0.03734439834024896,0.019027484143763214,0.9622395833333334,0.9759623327275732,0.024037667272426896,0.9505494505494505
TestingSet,generation,True,0.73,9,291,173,11815,0.03,0.04945054945054945,0.03734439834024896,0.019027484143763214,0.9622395833333334,0.9759623327275732,0.024037667272426896,0.9505494505494505
TestingSet,generation,True,0.74,9,291,173,11815,0.03,0.04945054945054945,0.03734439834024896,0.019027484143763214,0.9622395833333334,0.9759623327275732,0.024037667272426896,0.9505494505494505
TestingSet,generation,True,0.75,9,291,173,11815,0.03,0.04945054945054945,0.03734439834024896,0.019027484143763214,0.9622395833333334,0.9759623327275732,0.024037667272426896,0.9505494505494505
TestingSet,generation,True,0.76,9,291,173,11815,0.03,0.04945054945054945,0.03734439834024896,0.019027484143763214,0.9622395833333334,0.9759623327275732,0.024037667272426896,0.9505494505494505
TestingSet,generation,True,0.77,9,291,173,11815,0.03,0.04945054945054945,0.03734439834024896,0.019027484143763214,0.9622395833333334,0.9759623327275732,0.024037667272426896,0.9505494505494505
TestingSet,generation,True,0.78,9,291,173,11815,0.03,0.04945054945054945,0.03734439834024896,0.019027484143763214,0.9622395833333334,0.9759623327275732,0.024037667272426896,0.9505494505494505
TestingSet,generation,True,0.79,9,291,173,11815,0.03,0.04945054945054945,0.03734439834024896,0.019027484143763214,0.9622395833333334,0.9759623327275732,0.024037667272426896,0.9505494505494505
TestingSet,generation,True,0.8,9,291,173,11815,0.03,0.04945054945054945,0.03734439834024896,0.019027484143763214,0.9622395833333334,0.9759623327275732,0.024037667272426896,0.9505494505494505
TestingSet,generation,True,0.81,9,291,173,11815,0.03,0.04945054945054945,0.03734439834024896,0.019027484143763214,0.9622395833333334,0.9759623327275732,0.024037667272426896,0.9505494505494505
TestingSet,generation,True,0.82,9,291,173,11815,0.03,0.04945054945054945,0.03734439834024896,0.019027484143763214,0.9622395833333334,0.9759623327275732,0.024037667272426896,0.9505494505494505
TestingSet,generation,True,0.83,9,291,173,11815,0.03,0.04945054945054945,0.03734439834024896,0.019027484143763214,0.9622395833333334,0.9759623327275732,0.024037667272426896,0.9505494505494505
TestingSet,generation,True,0.84,9,291,173,11815,0.03,0.04945054945054945,0.03734439834024896,0.019027484143763214,0.9622395833333334,0.9759623327275732,0.024037667272426896,0.9505494505494505
TestingSet,generation,True,0.85,9,291,173,11815,0.03,0.04945054945054945,0.03734439834024896,0.019027484143763214,0.9622395833333334,0.9759623327275732,0.024037667272426896,0.9505494505494505
TestingSet,generation,True,0.86,9,291,173,11815,0.03,0.04945054945054945,0.03734439834024896,0.019027484143763214,0.9622395833333334,0.9759623327275732,0.024037667272426896,0.9505494505494505
TestingSet,generation,True,0.87,9,291,173,11815,0.03,0.04945054945054945,0.03734439834024896,0.019027484143763214,0.9622395833333334,0.9759623327275732,0.024037667272426896,0.9505494505494505
TestingSet,generation,True,0.88,9,291,173,11815,0.03,0.04945054945054945,0.03734439834024896,0.019027484143763214,0.9622395833333334,0.9759623327275732,0.024037667272426896,0.9505494505494505
TestingSet,generation,True,0.89,9,291,173,11815,0.03,0.04945054945054945,0.03734439834024896,0.019027484143763214,0.9622395833333334,0.9759623327275732,0.024037667272426896,0.9505494505494505
TestingSet,generation,True,0.9,9,291,173,11815,0.03,0.04945054945054945,0.03734439834024896,0.019027484143763214,0.9622395833333334,0.9759623327275732,0.024037667272426896,0.9505494505494505
TestingSet,generation,True,0.91,9,291,173,11815,0.03,0.04945054945054945,0.03734439834024896,0.019027484143763214,0.9622395833333334,0.9759623327275732,0.024037667272426896,0.9505494505494505
TestingSet,generation,True,0.92,9,291,173,11815,0.03,0.04945054945054945,0.03734439834024896,0.019027484143763214,0.9622395833333334,0.9759623327275732,0.024037667272426896,0.9505494505494505
TestingSet,generation,True,0.93,9,291,173,11815,0.03,0.04945054945054945,0.03734439834024896,0.019027484143763214,0.9622395833333334,0.9759623327275732,0.024037667272426896,0.9505494505494505
TestingSet,generation,True,0.94,9,291,173,11815,0.03,0.04945054945054945,0.03734439834024896,0.019027484143763214,0.9622395833333334,0.9759623327275732,0.024037667272426896,0.9505494505494505
TestingSet,generation,True,0.95,9,291,173,11815,0.03,0.04945054945054945,0.03734439834024896,0.019027484143763214,0.9622395833333334,0.9759623327275732,0.024037667272426896,0.9505494505494505
TestingSet,generation,True,0.96,9,291,173,11815,0.03,0.04945054945054945,0.03734439834024896,0.019027484143763214,0.9622395833333334,0.9759623327275732,0.024037667272426896,0.9505494505494505
TestingSet,generation,True,0.97,9,291,173,11815,0.03,0.04945054945054945,0.03734439834024896,0.019027484143763214,0.9622395833333334,0.9759623327275732,0.024037667272426896,0.9505494505494505
TestingSet,generation,True,0.98,9,291,173,11815,0.03,0.04945054945054945,0.03734439834024896,0.019027484143763214,0.9622395833333334,0.9759623327275732,0.024037667272426896,0.9505494505494505
TestingSet,generation,True,0.99,9,291,173,11815,0.03,0.04945054945054945,0.03734439834024896,0.019027484143763214,0.9622395833333334,0.9759623327275732,0.024037667272426896,0.9505494505494505
TestingSet,copy_move,True,0.01,144,2730,164,9250,0.05010438413361169,0.4675324675324675,0.09050911376492772,0.04739960500329164,0.7644856770833334,0.7721202003338898,0.2278797996661102,0.5324675324675324
TestingSet,copy_move,True,0.02,144,2730,164,9250,0.05010438413361169,0.4675324675324675,0.09050911376492772,0.04739960500329164,0.7644856770833334,0.7721202003338898,0.2278797996661102,0.5324675324675324
TestingSet,copy_move,True,0.03,144,2730,164,9250,0.05010438413361169,0.4675324675324675,0.09050911376492772,0.04739960500329164,0.7644856770833334,0.7721202003338898,0.2278797996661102,0.5324675324675324
TestingSet,copy_move,True,0.04,144,2730,164,9250,0.05010438413361169,0.4675324675324675,0.09050911376492772,0.04739960500329164,0.7644856770833334,0.7721202003338898,0.2278797996661102,0.5324675324675324
TestingSet,copy_move,True,0.05,144,2730,164,9250,0.05010438413361169,0.4675324675324675,0.09050911376492772,0.04739960500329164,0.7644856770833334,0.7721202003338898,0.2278797996661102,0.5324675324675324
TestingSet,copy_move,True,0.06,144,2730,164,9250,0.05010438413361169,0.4675324675324675,0.09050911376492772,0.04739960500329164,0.7644856770833334,0.7721202003338898,0.2278797996661102,0.5324675324675324
TestingSet,copy_move,True,0.07,144,2730,164,9250,0.05010438413361169,0.4675324675324675,0.09050911376492772,0.04739960500329164,0.7644856770833334,0.7721202003338898,0.2278797996661102,0.5324675324675324
TestingSet,copy_move,True,0.08,144,2730,164,9250,0.05010438413361169,0.4675324675324675,0.09050911376492772,0.04739960500329164,0.7644856770833334,0.7721202003338898,0.2278797996661102,0.5324675324675324
TestingSet,copy_move,True,0.09,144,2730,164,9250,0.05010438413361169,0.4675324675324675,0.09050911376492772,0.04739960500329164,0.7644856770833334,0.7721202003338898,0.2278797996661102,0.5324675324675324
TestingSet,copy_move,True,0.1,144,2730,164,9250,0.05010438413361169,0.4675324675324675,0.09050911376492772,0.04739960500329164,0.7644856770833334,0.7721202003338898,0.2278797996661102,0.5324675324675324
TestingSet,copy_move,True,0.11,144,2730,164,9250,0.05010438413361169,0.4675324675324675,0.09050911376492772,0.04739960500329164,0.7644856770833334,0.7721202003338898,0.2278797996661102,0.5324675324675324
TestingSet,copy_move,True,0.12,144,2730,164,9250,0.05010438413361169,0.4675324675324675,0.09050911376492772,0.04739960500329164,0.7644856770833334,0.7721202003338898,0.2278797996661102,0.5324675324675324
TestingSet,copy_move,True,0.13,144,2730,164,9250,0.05010438413361169,0.4675324675324675,0.09050911376492772,0.04739960500329164,0.7644856770833334,0.7721202003338898,0.2278797996661102,0.5324675324675324
TestingSet,copy_move,True,0.14,144,2730,164,9250,0.05010438413361169,0.4675324675324675,0.09050911376492772,0.04739960500329164,0.7644856770833334,0.7721202003338898,0.2278797996661102,0.5324675324675324
TestingSet,copy_move,True,0.15,144,2730,164,9250,0.05010438413361169,0.4675324675324675,0.09050911376492772,0.04739960500329164,0.7644856770833334,0.7721202003338898,0.2278797996661102,0.5324675324675324
TestingSet,copy_move,True,0.16,144,2730,164,9250,0.05010438413361169,0.4675324675324675,0.09050911376492772,0.04739960500329164,0.7644856770833334,0.7721202003338898,0.2278797996661102,0.5324675324675324
TestingSet,copy_move,True,0.17,144,2730,164,9250,0.05010438413361169,0.4675324675324675,0.09050911376492772,0.04739960500329164,0.7644856770833334,0.7721202003338898,0.2278797996661102,0.5324675324675324
TestingSet,copy_move,True,0.18,144,2730,164,9250,0.05010438413361169,0.4675324675324675,0.09050911376492772,0.04739960500329164,0.7644856770833334,0.7721202003338898,0.2278797996661102,0.5324675324675324
TestingSet,copy_move,True,0.19,144,2730,164,9250,0.05010438413361169,0.4675324675324675,0.09050911376492772,0.04739960500329164,0.7644856770833334,0.7721202003338898,0.2278797996661102,0.5324675324675324
TestingSet,copy_move,True,0.2,144,2730,164,9250,0.05010438413361169,0.4675324675324675,0.09050911376492772,0.04739960500329164,0.7644856770833334,0.7721202003338898,0.2278797996661102,0.5324675324675324
TestingSet,copy_move,True,0.21,144,2730,164,9250,0.05010438413361169,0.4675324675324675,0.09050911376492772,0.04739960500329164,0.7644856770833334,0.7721202003338898,0.2278797996661102,0.5324675324675324
TestingSet,copy_move,True,0.22,144,2730,164,9250,0.05010438413361169,0.4675324675324675,0.09050911376492772,0.04739960500329164,0.7644856770833334,0.7721202003338898,0.2278797996661102,0.5324675324675324
TestingSet,copy_move,True,0.23,144,2730,164,9250,0.05010438413361169,0.4675324675324675,0.09050911376492772,0.04739960500329164,0.7644856770833334,0.7721202003338898,0.2278797996661102,0.5324675324675324
TestingSet,copy_move,True,0.24,144,2730,164,9250,0.05010438413361169,0.4675324675324675,0.09050911376492772,0.04739960500329164,0.7644856770833334,0.7721202003338898,0.2278797996661102,0.5324675324675324
TestingSet,copy_move,True,0.25,144,2730,164,9250,0.05010438413361169,0.4675324675324675,0.09050911376492772,0.04739960500329164,0.7644856770833334,0.7721202003338898,0.2278797996661102,0.5324675324675324
TestingSet,copy_move,True,0.26,144,2730,164,9250,0.05010438413361169,0.4675324675324675,0.09050911376492772,0.04739960500329164,0.7644856770833334,0.7721202003338898,0.2278797996661102,0.5324675324675324
TestingSet,copy_move,True,0.27,144,2730,164,9250,0.05010438413361169,0.4675324675324675,0.09050911376492772,0.04739960500329164,0.7644856770833334,0.7721202003338898,0.2278797996661102,0.5324675324675324
TestingSet,copy_move,True,0.28,144,2730,164,9250,0.05010438413361169,0.4675324675324675,0.09050911376492772,0.04739960500329164,0.7644856770833334,0.7721202003338898,0.2278797996661102,0.5324675324675324
TestingSet,copy_move,True,0.29,144,2730,164,9250,0.05010438413361169,0.4675324675324675,0.09050911376492772,0.04739960500329164,0.7644856770833334,0.7721202003338898,0.2278797996661102,0.5324675324675324
TestingSet,copy_move,True,0.3,144,2730,164,9250,0.05010438413361169,0.4675324675324675,0.09050911376492772,0.04739960500329164,0.7644856770833334,0.7721202003338898,0.2278797996661102,0.5324675324675324
TestingSet,copy_move,True,0.31,144,2730,164,9250,0.05010438413361169,0.4675324675324675,0.09050911376492772,0.04739960500329164,0.7644856770833334,0.7721202003338898,0.2278797996661102,0.5324675324675324
TestingSet,copy_move,True,0.32,144,2730,164,9250,0.05010438413361169,0.4675324675324675,0.09050911376492772,0.04739960500329164,0.7644856770833334,0.7721202003338898,0.2278797996661102,0.5324675324675324
TestingSet,copy_move,True,0.33,144,2730,164,9250,0.05010438413361169,0.4675324675324675,0.09050911376492772,0.04739960500329164,0.7644856770833334,0.7721202003338898,0.2278797996661102,0.5324675324675324
TestingSet,copy_move,True,0.34,77,1268,231,10712,0.05724907063197026,0.25,0.09316394434361766,0.04885786802030457,0.8780110677083334,0.8941569282136895,0.10584307178631051,0.75
TestingSet,copy_move,True,0.35,77,1268,231,10712,0.05724907063197026,0.25,0.09316394434361766,0.04885786802030457,0.8780110677083334,0.8941569282136895,0.10584307178631051,0.75
TestingSet,copy_move,True,0.36,77,1268,231,10712,0.05724907063197026,0.25,0.09316394434361766,0.04885786802030457,0.8780110677083334,0.8941569282136895,0.10584307178631051,0.75
TestingSet,copy_move,True,0.37,77,1268,231,10712,0.05724907063197026,0.25,0.09316394434361766,0.04885786802030457,0.8780110677083334,0.8941569282136895,0.10584307178631051,0.75
TestingSet,copy_move,True,0.38,77,1268,231,10712,0.05724907063197026,0.25,0.09316394434361766,0.04885786802030457,0.8780110677083334,0.8941569282136895,0.10584307178631051,0.75
TestingSet,copy_move,True,0.39,77,1268,231,10712,0.05724907063197026,0.25,0.09316394434361766,0.04885786802030457,0.8780110677083334,0.8941569282136895,0.10584307178631051,0.75
TestingSet,copy_move,True,0.4,77,1268,231,10712,0.05724907063197026,0.25,0.09316394434361766,0.04885786802030457,0.8780110677083334,0.8941569282136895,0.10584307178631051,0.75
TestingSet,copy_move,True,0.41,77,1268,231,10712,0.05724907063197026,0.25,0.09316394434361766,0.04885786802030457,0.8780110677083334,0.8941569282136895,0.10584307178631051,0.75
TestingSet,copy_move,True,0.42,77,1268,231,10712,0.05724907063197026,0.25,0.09316394434361766,0.04885786802030457,0.8780110677083334,0.8941569282136895,0.10584307178631051,0.75
TestingSet,copy_move,True,0.43,77,1268,231,10712,0.05724907063197026,0.25,0.09316394434361766,0.04885786802030457,0.8780110677083334,0.8941569282136895,0.10584307178631051,0.75
TestingSet,copy_move,True,0.44,77,1268,231,10712,0.05724907063197026,0.25,0.09316394434361766,0.04885786802030457,0.8780110677083334,0.8941569282136895,0.10584307178631051,0.75
TestingSet,copy_move,True,0.45,77,1268,231,10712,0.05724907063197026,0.25,0.09316394434361766,0.04885786802030457,0.8780110677083334,0.8941569282136895,0.10584307178631051,0.75
TestingSet,copy_move,True,0.46,77,1268,231,10712,0.05724907063197026,0.25,0.09316394434361766,0.04885786802030457,0.8780110677083334,0.8941569282136895,0.10584307178631051,0.75
TestingSet,copy_move,True,0.47,77,1268,231,10712,0.05724907063197026,0.25,0.09316394434361766,0.04885786802030457,0.8780110677083334,0.8941569282136895,0.10584307178631051,0.75
TestingSet,copy_move,True,0.48,77,1268,231,10712,0.05724907063197026,0.25,0.09316394434361766,0.04885786802030457,0.8780110677083334,0.8941569282136895,0.10584307178631051,0.75
TestingSet,copy_move,True,0.49,77,1268,231,10712,0.05724907063197026,0.25,0.09316394434361766,0.04885786802030457,0.8780110677083334,0.8941569282136895,0.10584307178631051,0.75
TestingSet,copy_move,True,0.5,77,1268,231,10712,0.05724907063197026,0.25,0.09316394434361766,0.04885786802030457,0.8780110677083334,0.8941569282136895,0.10584307178631051,0.75
TestingSet,copy_move,True,0.51,32,565,276,11415,0.05360134003350084,0.1038961038961039,0.0707182320441989,0.03665521191294387,0.9315592447916666,0.9528380634390651,0.04716193656093489,0.8961038961038961
TestingSet,copy_move,True,0.52,32,565,276,11415,0.05360134003350084,0.1038961038961039,0.0707182320441989,0.03665521191294387,0.9315592447916666,0.9528380634390651,0.04716193656093489,0.8961038961038961
TestingSet,copy_move,True,0.53,32,565,276,11415,0.05360134003350084,0.1038961038961039,0.0707182320441989,0.03665521191294387,0.9315592447916666,0.9528380634390651,0.04716193656093489,0.8961038961038961
TestingSet,copy_move,True,0.54,32,565,276,11415,0.05360134003350084,0.1038961038961039,0.0707182320441989,0.03665521191294387,0.9315592447916666,0.9528380634390651,0.04716193656093489,0.8961038961038961
TestingSet,copy_move,True,0.55,32,565,276,11415,0.05360134003350084,0.1038961038961039,0.0707182320441989,0.03665521191294387,0.9315592447916666,0.9528380634390651,0.04716193656093489,0.8961038961038961
TestingSet,copy_move,True,0.56,32,565,276,11415,0.05360134003350084,0.1038961038961039,0.0707182320441989,0.03665521191294387,0.9315592447916666,0.9528380634390651,0.04716193656093489,0.8961038961038961
TestingSet,copy_move,True,0.57,32,565,276,11415,0.05360134003350084,0.1038961038961039,0.0707182320441989,0.03665521191294387,0.9315592447916666,0.9528380634390651,0.04716193656093489,0.8961038961038961
TestingSet,copy_move,True,0.58,32,565,276,11415,0.05360134003350084,0.1038961038961039,0.0707182320441989,0.03665521191294387,0.9315592447916666,0.9528380634390651,0.04716193656093489,0.8961038961038961
TestingSet,copy_move,True,0.59,32,565,276,11415,0.05360134003350084,0.1038961038961039,0.0707182320441989,0.03665521191294387,0.9315592447916666,0.9528380634390651,0.04716193656093489,0.8961038961038961
TestingSet,copy_move,True,0.6,32,565,276,11415,0.05360134003350084,0.1038961038961039,0.0707182320441989,0.03665521191294387,0.9315592447916666,0.9528380634390651,0.04716193656093489,0.8961038961038961
TestingSet,copy_move,True,0.61,32,565,276,11415,0.05360134003350084,0.1038961038961039,0.0707182320441989,0.03665521191294387,0.9315592447916666,0.9528380634390651,0.04716193656093489,0.8961038961038961
TestingSet,copy_move,True,0.62,32,565,276,11415,0.05360134003350084,0.1038961038961039,0.0707182320441989,0.03665521191294387,0.9315592447916666,0.9528380634390651,0.04716193656093489,0.8961038961038961
TestingSet,copy_move,True,0.63,32,565,276,11415,0.05360134003350084,0.1038961038961039,0.0707182320441989,0.03665521191294387,0.9315592447916666,0.9528380634390651,0.04716193656093489,0.8961038961038961
TestingSet,copy_move,True,0.64,32,565,276,11415,0.05360134003350084,0.1038961038961039,0.0707182320441989,0.03665521191294387,0.9315592447916666,0.9528380634390651,0.04716193656093489,0.8961038961038961
TestingSet,copy_move,True,0.65,32,565,276,11415,0.05360134003350084,0.1038961038961039,0.0707182320441989,0.03665521191294387,0.9315592447916666,0.9528380634390651,0.04716193656093489,0.8961038961038961
TestingSet,copy_move,True,0.66,32,565,276,11415,0.05360134003350084,0.1038961038961039,0.0707182320441989,0.03665521191294387,0.9315592447916666,0.9528380634390651,0.04716193656093489,0.8961038961038961
TestingSet,copy_move,True,0.67,16,276,292,11704,0.0547945205479452,0.05194805194805195,0.05333333333333334,0.0273972602739726,0.9537760416666666,0.9769616026711185,0.02303839732888147,0.948051948051948
TestingSet,copy_move,True,0.68,16,276,292,11704,0.0547945205479452,0.05194805194805195,0.05333333333333334,0.0273972602739726,0.9537760416666666,0.9769616026711185,0.02303839732888147,0.948051948051948
TestingSet,copy_move,True,0.69,16,276,292,11704,0.0547945205479452,0.05194805194805195,0.05333333333333334,0.0273972602739726,0.9537760416666666,0.9769616026711185,0.02303839732888147,0.948051948051948
TestingSet,copy_move,True,0.7,16,276,292,11704,0.0547945205479452,0.05194805194805195,0.05333333333333334,0.0273972602739726,0.9537760416666666,0.9769616026711185,0.02303839732888147,0.948051948051948
TestingSet,copy_move,True,0.71,16,276,292,11704,0.0547945205479452,0.05194805194805195,0.05333333333333334,0.0273972602739726,0.9537760416666666,0.9769616026711185,0.02303839732888147,0.948051948051948
TestingSet,copy_move,True,0.72,16,276,292,11704,0.0547945205479452,0.05194805194805195,0.05333333333333334,0.0273972602739726,0.9537760416666666,0.9769616026711185,0.02303839732888147,0.948051948051948
TestingSet,copy_move,True,0.73,16,276,292,11704,0.0547945205479452,0.05194805194805195,0.05333333333333334,0.0273972602739726,0.9537760416666666,0.9769616026711185,0.02303839732888147,0.948051948051948
TestingSet,copy_move,True,0.74,16,276,292,11704,0.0547945205479452,0.05194805194805195,0.05333333333333334,0.0273972602739726,0.9537760416666666,0.9769616026711185,0.02303839732888147,0.948051948051948
TestingSet,copy_move,True,0.75,16,276,292,11704,0.0547945205479452,0.05194805194805195,0.05333333333333334,0.0273972602739726,0.9537760416666666,0.9769616026711185,0.02303839732888147,0.948051948051948
TestingSet,copy_move,True,0.76,16,276,292,11704,0.0547945205479452,0.05194805194805195,0.05333333333333334,0.0273972602739726,0.9537760416666666,0.9769616026711185,0.02303839732888147,0.948051948051948
TestingSet,copy_move,True,0.77,16,276,292,11704,0.0547945205479452,0.05194805194805195,0.05333333333333334,0.0273972602739726,0.9537760416666666,0.9769616026711185,0.02303839732888147,0.948051948051948
TestingSet,copy_move,True,0.78,16,276,292,11704,0.0547945205479452,0.05194805194805195,0.05333333333333334,0.0273972602739726,0.9537760416666666,0.9769616026711185,0.02303839732888147,0.948051948051948
TestingSet,copy_move,True,0.79,16,276,292,11704,0.0547945205479452,0.05194805194805195,0.05333333333333334,0.0273972602739726,0.9537760416666666,0.9769616026711185,0.02303839732888147,0.948051948051948
TestingSet,copy_move,True,0.8,16,276,292,11704,0.0547945205479452,0.05194805194805195,0.05333333333333334,0.0273972602739726,0.9537760416666666,0.9769616026711185,0.02303839732888147,0.948051948051948
TestingSet,copy_move,True,0.81,16,276,292,11704,0.0547945205479452,0.05194805194805195,0.05333333333333334,0.0273972602739726,0.9537760416666666,0.9769616026711185,0.02303839732888147,0.948051948051948
TestingSet,copy_move,True,0.82,16,276,292,11704,0.0547945205479452,0.05194805194805195,0.05333333333333334,0.0273972602739726,0.9537760416666666,0.9769616026711185,0.02303839732888147,0.948051948051948
TestingSet,copy_move,True,0.83,16,276,292,11704,0.0547945205479452,0.05194805194805195,0.05333333333333334,0.0273972602739726,0.9537760416666666,0.9769616026711185,0.02303839732888147,0.948051948051948
TestingSet,copy_move,True,0.84,16,276,292,11704,0.0547945205479452,0.05194805194805195,0.05333333333333334,0.0273972602739726,0.9537760416666666,0.9769616026711185,0.02303839732888147,0.948051948051948
TestingSet,copy_move,True,0.85,16,276,292,11704,0.0547945205479452,0.05194805194805195,0.05333333333333334,0.0273972602739726,0.9537760416666666,0.9769616026711185,0.02303839732888147,0.948051948051948
TestingSet,copy_move,True,0.86,16,276,292,11704,0.0547945205479452,0.05194805194805195,0.05333333333333334,0.0273972602739726,0.9537760416666666,0.9769616026711185,0.02303839732888147,0.948051948051948
TestingSet,copy_move,True,0.87,16,276,292,11704,0.0547945205479452,0.05194805194805195,0.05333333333333334,0.0273972602739726,0.9537760416666666,0.9769616026711185,0.02303839732888147,0.948051948051948
TestingSet,copy_move,True,0.88,16,276,292,11704,0.0547945205479452,0.05194805194805195,0.05333333333333334,0.0273972602739726,0.9537760416666666,0.9769616026711185,0.02303839732888147,0.948051948051948
TestingSet,copy_move,True,0.89,16,276,292,11704,0.0547945205479452,0.05194805194805195,0.05333333333333334,0.0273972602739726,0.9537760416666666,0.9769616026711185,0.02303839732888147,0.948051948051948
TestingSet,copy_move,True,0.9,16,276,292,11704,0.0547945205479452,0.05194805194805195,0.05333333333333334,0.0273972602739726,0.9537760416666666,0.9769616026711185,0.02303839732888147,0.948051948051948
TestingSet,copy_move,True,0.91,16,276,292,11704,0.0547945205479452,0.05194805194805195,0.05333333333333334,0.0273972602739726,0.9537760416666666,0.9769616026711185,0.02303839732888147,0.948051948051948
TestingSet,copy_move,True,0.92,16,276,292,11704,0.0547945205479452,0.05194805194805195,0.05333333333333334,0.0273972602739726,0.9537760416666666,0.9769616026711185,0.02303839732888147,0.948051948051948
TestingSet,copy_move,True,0.93,16,276,292,11704,0.0547945205479452,0.05194805194805195,0.05333333333333334,0.0273972602739726,0.9537760416666666,0.9769616026711185,0.02303839732888147,0.948051948051948
TestingSet,copy_move,True,0.94,16,276,292,11704,0.0547945205479452,0.05194805194805195,0.05333333333333334,0.0273972602739726,0.9537760416666666,0.9769616026711185,0.02303839732888147,0.948051948051948
TestingSet,copy_move,True,0.95,16,276,292,11704,0.0547945205479452,0.05194805194805195,0.05333333333333334,0.0273972602739726,0.9537760416666666,0.9769616026711185,0.02303839732888147,0.948051948051948
TestingSet,copy_move,True,0.96,16,276,292,11704,0.0547945205479452,0.05194805194805195,0.05333333333333334,0.0273972602739726,0.9537760416666666,0.9769616026711185,0.02303839732888147,0.948051948051948
TestingSet,copy_move,True,0.97,16,276,292,11704,0.0547945205479452,0.05194805194805195,0.05333333333333334,0.0273972602739726,0.9537760416666666,0.9769616026711185,0.02303839732888147,0.948051948051948
TestingSet,copy_move,True,0.98,16,276,292,11704,0.0547945205479452,0.05194805194805195,0.05333333333333334,0.0273972602739726,0.9537760416666666,0.9769616026711185,0.02303839732888147,0.948051948051948
TestingSet,copy_move,True,0.99,16,276,292,11704,0.0547945205479452,0.05194805194805195,0.05333333333333334,0.0273972602739726,0.9537760416666666,0.9769616026711185,0.02303839732888147,0.948051948051948
FCD,copy_move,True,0.01,84,2813,114,9277,0.028995512599240592,0.42424242424242425,0.054281098546041996,0.027897708402524077,0.7618001302083334,0.767328370554177,0.23267162944582298,0.5757575757575758
FCD,copy_move,True,0.02,84,2813,114,9277,0.028995512599240592,0.42424242424242425,0.054281098546041996,0.027897708402524077,0.7618001302083334,0.767328370554177,0.23267162944582298,0.5757575757575758
FCD,copy_move,True,0.03,84,2813,114,9277,0.028995512599240592,0.42424242424242425,0.054281098546041996,0.027897708402524077,0.7618001302083334,0.767328370554177,0.23267162944582298,0.5757575757575758
FCD,copy_move,True,0.04,84,2813,114,9277,0.028995512599240592,0.42424242424242425,0.054281098546041996,0.027897708402524077,0.7618001302083334,0.767328370554177,0.23267162944582298,0.5757575757575758
FCD,copy_move,True,0.05,84,2813,114,9277,0.028995512599240592,0.42424242424242425,0.054281098546041996,0.027897708402524077,0.7618001302083334,0.767328370554177,0.23267162944582298,0.5757575757575758
FCD,copy_move,True,0.06,84,2813,114,9277,0.028995512599240592,0.42424242424242425,0.054281098546041996,0.027897708402524077,0.7618001302083334,0.767328370554177,0.23267162944582298,0.5757575757575758
FCD,copy_move,True,0.07,84,2813,114,9277,0.028995512599240592,0.42424242424242425,0.054281098546041996,0.027897708402524077,0.7618001302083334,0.767328370554177,0.23267162944582298,0.5757575757575758
FCD,copy_move,True,0.08,84,2813,114,9277,0.028995512599240592,0.42424242424242425,0.054281098546041996,0.027897708402524077,0.7618001302083334,0.767328370554177,0.23267162944582298,0.5757575757575758
FCD,copy_move,True,0.09,84,2813,114,9277,0.028995512599240592,0.42424242424242425,0.054281098546041996,0.027897708402524077,0.7618001302083334,0.767328370554177,0.23267162944582298,0.5757575757575758
FCD,copy_move,True,0.1,84,2813,114,9277,0.028995512599240592,0.42424242424242425,0.054281098546041996,0.027897708402524077,0.7618001302083334,0.767328370554177,0.23267162944582298,0.5757575757575758
FCD,copy_move,True,0.11,84,2813,114,9277,0.028995512599240592,0.42424242424242425,0.054281098546041996,0.027897708402524077,0.7618001302083334,0.767328370554177,0.23267162944582298,0.5757575757575758
FCD,copy_move,True,0.12,84,2813,114,9277,0.028995512599240592,0.42424242424242425,0.054281098546041996,0.027897708402524077,0.7618001302083334,0.767328370554177,0.23267162944582298,0.5757575757575758
FCD,copy_move,True,0.13,84,2813,114,9277,0.028995512599240592,0.42424242424242425,0.054281098546041996,0.027897708402524077,0.7618001302083334,0.767328370554177,0.23267162944582298,0.5757575757575758
FCD,copy_move,True,0.14,84,2813,114,9277,0.028995512599240592,0.42424242424242425,0.054281098546041996,0.027897708402524077,0.7618001302083334,0.767328370554177,0.23267162944582298,0.5757575757575758
FCD,copy_move,True,0.15,84,2813,114,9277,0.028995512599240592,0.42424242424242425,0.054281098546041996,0.027897708402524077,0.7618001302083334,0.767328370554177,0.23267162944582298,0.5757575757575758
FCD,copy_move,True,0.16,84,2813,114,9277,0.028995512599240592,0.42424242424242425,0.054281098546041996,0.027897708402524077,0.7618001302083334,0.767328370554177,0.23267162944582298,0.5757575757575758
FCD,copy_move,True,0.17,84,2813,114,9277,0.028995512599240592,0.42424242424242425,0.054281098546041996,0.027897708402524077,0.7618001302083334,0.767328370554177,0.23267162944582298,0.5757575757575758
FCD,copy_move,True,0.18,84,2813,114,9277,0.028995512599240592,0.42424242424242425,0.054281098546041996,0.027897708402524077,0.7618001302083334,0.767328370554177,0.23267162944582298,0.5757575757575758
FCD,copy_move,True,0.19,84,2813,114,9277,0.028995512599240592,0.42424242424242425,0.054281098546041996,0.027897708402524077,0.7618001302083334,0.767328370554177,0.23267162944582298,0.5757575757575758
FCD,copy_move,True,0.2,84,2813,114,9277,0.028995512599240592,0.42424242424242425,0.054281098546041996,0.027897708402524077,0.7618001302083334,0.767328370554177,0.23267162944582298,0.5757575757575758
FCD,copy_move,True,0.21,84,2813,114,9277,0.028995512599240592,0.42424242424242425,0.054281098546041996,0.027897708402524077,0.7618001302083334,0.767328370554177,0.23267162944582298,0.5757575757575758
FCD,copy_move,True,0.22,84,2813,114,9277,0.028995512599240592,0.42424242424242425,0.054281098546041996,0.027897708402524077,0.7618001302083334,0.767328370554177,0.23267162944582298,0.5757575757575758
FCD,copy_move,True,0.23,84,2813,114,9277,0.028995512599240592,0.42424242424242425,0.054281098546041996,0.027897708402524077,0.7618001302083334,0.767328370554177,0.23267162944582298,0.5757575757575758
FCD,copy_move,True,0.24,84,2813,114,9277,0.028995512599240592,0.42424242424242425,0.054281098546041996,0.027897708402524077,0.7618001302083334,0.767328370554177,0.23267162944582298,0.5757575757575758
FCD,copy_move,True,0.25,84,2813,114,9277,0.028995512599240592,0.42424242424242425,0.054281098546041996,0.027897708402524077,0.7618001302083334,0.767328370554177,0.23267162944582298,0.5757575757575758
FCD,copy_move,True,0.26,84,2813,114,9277,0.028995512599240592,0.42424242424242425,0.054281098546041996,0.027897708402524077,0.7618001302083334,0.767328370554177,0.23267162944582298,0.5757575757575758
FCD,copy_move,True,0.27,84,2813,114,9277,0.028995512599240592,0.42424242424242425,0.054281098546041996,0.027897708402524077,0.7618001302083334,0.767328370554177,0.23267162944582298,0.5757575757575758
FCD,copy_move,True,0.28,84,2813,114,9277,0.028995512599240592,0.42424242424242425,0.054281098546041996,0.027897708402524077,0.7618001302083334,0.767328370554177,0.23267162944582298,0.5757575757575758
FCD,copy_move,True,0.29,84,2813,114,9277,0.028995512599240592,0.42424242424242425,0.054281098546041996,0.027897708402524077,0.7618001302083334,0.767328370554177,0.23267162944582298,0.5757575757575758
FCD,copy_move,True,0.3,84,2813,114,9277,0.028995512599240592,0.42424242424242425,0.054281098546041996,0.027897708402524077,0.7618001302083334,0.767328370554177,0.23267162944582298,0.5757575757575758
FCD,copy_move,True,0.31,84,2813,114,9277,0.028995512599240592,0.42424242424242425,0.054281098546041996,0.027897708402524077,0.7618001302083334,0.767328370554177,0.23267162944582298,0.5757575757575758
FCD,copy_move,True,0.32,84,2813,114,9277,0.028995512599240592,0.42424242424242425,0.054281098546041996,0.027897708402524077,0.7618001302083334,0.767328370554177,0.23267162944582298,0.5757575757575758
FCD,copy_move,True,0.33,84,2813,114,9277,0.028995512599240592,0.42424242424242425,0.054281098546041996,0.027897708402524077,0.7618001302083334,0.767328370554177,0.23267162944582298,0.5757575757575758
FCD,copy_move,True,0.34,31,1285,167,10805,0.023556231003039513,0.15656565656565657,0.04095112285336856,0.020903573836817263,0.8818359375,0.8937138130686518,0.10628618693134823,0.8434343434343434
FCD,copy_move,True,0.35,31,1285,167,10805,0.023556231003039513,0.15656565656565657,0.04095112285336856,0.020903573836817263,0.8818359375,0.8937138130686518,0.10628618693134823,0.8434343434343434
FCD,copy_move,True,0.36,31,1285,167,10805,0.023556231003039513,0.15656565656565657,0.04095112285336856,0.020903573836817263,0.8818359375,0.8937138130686518,0.10628618693134823,0.8434343434343434
FCD,copy_move,True,0.37,31,1285,167,10805,0.023556231003039513,0.15656565656565657,0.04095112285336856,0.020903573836817263,0.8818359375,0.8937138130686518,0.10628618693134823,0.8434343434343434
FCD,copy_move,True,0.38,31,1285,167,10805,0.023556231003039513,0.15656565656565657,0.04095112285336856,0.020903573836817263,0.8818359375,0.8937138130686518,0.10628618693134823,0.8434343434343434
FCD,copy_move,True,0.39,31,1285,167,10805,0.023556231003039513,0.15656565656565657,0.04095112285336856,0.020903573836817263,0.8818359375,0.8937138130686518,0.10628618693134823,0.8434343434343434
FCD,copy_move,True,0.4,31,1285,167,10805,0.023556231003039513,0.15656565656565657,0.04095112285336856,0.020903573836817263,0.8818359375,0.8937138130686518,0.10628618693134823,0.8434343434343434
FCD,copy_move,True,0.41,31,1285,167,10805,0.023556231003039513,0.15656565656565657,0.04095112285336856,0.020903573836817263,0.8818359375,0.8937138130686518,0.10628618693134823,0.8434343434343434
FCD,copy_move,True,0.42,31,1285,167,10805,0.023556231003039513,0.15656565656565657,0.04095112285336856,0.020903573836817263,0.8818359375,0.8937138130686518,0.10628618693134823,0.8434343434343434
FCD,copy_move,True,0.43,31,1285,167,10805,0.023556231003039513,0.15656565656565657,0.04095112285336856,0.020903573836817263,0.8818359375,0.8937138130686518,0.10628618693134823,0.8434343434343434
FCD,copy_move,True,0.44,31,1285,167,10805,0.023556231003039513,0.15656565656565657,0.04095112285336856,0.020903573836817263,0.8818359375,0.8937138130686518,0.10628618693134823,0.8434343434343434
FCD,copy_move,True,0.45,31,1285,167,10805,0.023556231003039513,0.15656565656565657,0.04095112285336856,0.020903573836817263,0.8818359375,0.8937138130686518,0.10628618693134823,0.8434343434343434
FCD,copy_move,True,0.46,31,1285,167,10805,0.023556231003039513,0.15656565656565657,0.04095112285336856,0.020903573836817263,0.8818359375,0.8937138130686518,0.10628618693134823,0.8434343434343434
FCD,copy_move,True,0.47,31,1285,167,10805,0.023556231003039513,0.15656565656565657,0.04095112285336856,0.020903573836817263,0.8818359375,0.8937138130686518,0.10628618693134823,0.8434343434343434
FCD,copy_move,True,0.48,31,1285,167,10805,0.023556231003039513,0.15656565656565657,0.04095112285336856,0.020903573836817263,0.8818359375,0.8937138130686518,0.10628618693134823,0.8434343434343434
FCD,copy_move,True,0.49,31,1285,167,10805,0.023556231003039513,0.15656565656565657,0.04095112285336856,0.020903573836817263,0.8818359375,0.8937138130686518,0.10628618693134823,0.8434343434343434
FCD,copy_move,True,0.5,31,1285,167,10805,0.023556231003039513,0.15656565656565657,0.04095112285336856,0.020903573836817263,0.8818359375,0.8937138130686518,0.10628618693134823,0.8434343434343434
FCD,copy_move,True,0.51,18,600,180,11490,0.02912621359223301,0.09090909090909091,0.04411764705882353,0.022556390977443608,0.9365234375,0.9503722084367245,0.04962779156327544,0.9090909090909091
FCD,copy_move,True,0.52,18,600,180,11490,0.02912621359223301,0.09090909090909091,0.04411764705882353,0.022556390977443608,0.9365234375,0.9503722084367245,0.04962779156327544,0.9090909090909091
FCD,copy_move,True,0.53,18,600,180,11490,0.02912621359223301,0.09090909090909091,0.04411764705882353,0.022556390977443608,0.9365234375,0.9503722084367245,0.04962779156327544,0.9090909090909091
FCD,copy_move,True,0.54,18,600,180,11490,0.02912621359223301,0.09090909090909091,0.04411764705882353,0.022556390977443608,0.9365234375,0.9503722084367245,0.04962779156327544,0.9090909090909091
FCD,copy_move,True,0.55,18,600,180,11490,0.02912621359223301,0.09090909090909091,0.04411764705882353,0.022556390977443608,0.9365234375,0.9503722084367245,0.04962779156327544,0.9090909090909091
FCD,copy_move,True,0.56,18,600,180,11490,0.02912621359223301,0.09090909090909091,0.04411764705882353,0.022556390977443608,0.9365234375,0.9503722084367245,0.04962779156327544,0.9090909090909091
FCD,copy_move,True,0.57,18,600,180,11490,0.02912621359223301,0.09090909090909091,0.04411764705882353,0.022556390977443608,0.9365234375,0.9503722084367245,0.04962779156327544,0.9090909090909091
FCD,copy_move,True,0.58,18,600,180,11490,0.02912621359223301,0.09090909090909091,0.04411764705882353,0.022556390977443608,0.9365234375,0.9503722084367245,0.04962779156327544,0.9090909090909091
FCD,copy_move,True,0.59,18,600,180,11490,0.02912621359223301,0.09090909090909091,0.04411764705882353,0.022556390977443608,0.9365234375,0.9503722084367245,0.04962779156327544,0.9090909090909091
FCD,copy_move,True,0.6,18,600,180,11490,0.02912621359223301,0.09090909090909091,0.04411764705882353,0.022556390977443608,0.9365234375,0.9503722084367245,0.04962779156327544,0.9090909090909091
FCD,copy_move,True,0.61,18,600,180,11490,0.02912621359223301,0.09090909090909091,0.04411764705882353,0.022556390977443608,0.9365234375,0.9503722084367245,0.04962779156327544,0.9090909090909091
FCD,copy_move,True,0.62,18,600,180,11490,0.02912621359223301,0.09090909090909091,0.04411764705882353,0.022556390977443608,0.9365234375,0.9503722084367245,0.04962779156327544,0.9090909090909091
FCD,copy_move,True,0.63,18,600,180,11490,0.02912621359223301,0.09090909090909091,0.04411764705882353,0.022556390977443608,0.9365234375,0.9503722084367245,0.04962779156327544,0.9090909090909091
FCD,copy_move,True,0.64,18,600,180,11490,0.02912621359223301,0.09090909090909091,0.04411764705882353,0.022556390977443608,0.9365234375,0.9503722084367245,0.04962779156327544,0.9090909090909091
FCD,copy_move,True,0.65,18,600,180,11490,0.02912621359223301,0.09090909090909091,0.04411764705882353,0.022556390977443608,0.9365234375,0.9503722084367245,0.04962779156327544,0.9090909090909091
FCD,copy_move,True,0.66,18,600,180,11490,0.02912621359223301,0.09090909090909091,0.04411764705882353,0.022556390977443608,0.9365234375,0.9503722084367245,0.04962779156327544,0.9090909090909091
FCD,copy_move,True,0.67,11,291,187,11799,0.03642384105960265,0.05555555555555555,0.044,0.022494887525562373,0.9611002604166666,0.9759305210918114,0.024069478908188585,0.9444444444444444
FCD,copy_move,True,0.68,11,291,187,11799,0.03642384105960265,0.05555555555555555,0.044,0.022494887525562373,0.9611002604166666,0.9759305210918114,0.024069478908188585,0.9444444444444444
FCD,copy_move,True,0.69,11,291,187,11799,0.03642384105960265,0.05555555555555555,0.044,0.022494887525562373,0.9611002604166666,0.9759305210918114,0.024069478908188585,0.9444444444444444
FCD,copy_move,True,0.7,11,291,187,11799,0.03642384105960265,0.05555555555555555,0.044,0.022494887525562373,0.9611002604166666,0.9759305210918114,0.024069478908188585,0.9444444444444444
FCD,copy_move,True,0.71,11,291,187,11799,0.03642384105960265,0.05555555555555555,0.044,0.022494887525562373,0.9611002604166666,0.9759305210918114,0.024069478908188585,0.9444444444444444
FCD,copy_move,True,0.72,11,291,187,11799,0.03642384105960265,0.05555555555555555,0.044,0.022494887525562373,0.9611002604166666,0.9759305210918114,0.024069478908188585,0.9444444444444444
FCD,copy_move,True,0.73,11,291,187,11799,0.03642384105960265,0.05555555555555555,0.044,0.022494887525562373,0.9611002604166666,0.9759305210918114,0.024069478908188585,0.9444444444444444
FCD,copy_move,True,0.74,11,291,187,11799,0.03642384105960265,0.05555555555555555,0.044,0.022494887525562373,0.9611002604166666,0.9759305210918114,0.024069478908188585,0.9444444444444444
FCD,copy_move,True,0.75,11,291,187,11799,0.03642384105960265,0.05555555555555555,0.044,0.022494887525562373,0.9611002604166666,0.9759305210918114,0.024069478908188585,0.9444444444444444
FCD,copy_move,True,0.76,11,291,187,11799,0.03642384105960265,0.05555555555555555,0.044,0.022494887525562373,0.9611002604166666,0.9759305210918114,0.024069478908188585,0.9444444444444444
FCD,copy_move,True,0.77,11,291,187,11799,0.03642384105960265,0.05555555555555555,0.044,0.022494887525562373,0.9611002604166666,0.9759305210918114,0.024069478908188585,0.9444444444444444
FCD,copy_move,True,0.78,11,291,187,11799,0.03642384105960265,0.05555555555555555,0.044,0.022494887525562373,0.9611002604166666,0.9759305210918114,0.024069478908188585,0.9444444444444444
FCD,copy_move,True,0.79,11,291,187,11799,0.03642384105960265,0.05555555555555555,0.044,0.022494887525562373,0.9611002604166666,0.9759305210918114,0.024069478908188585,0.9444444444444444
FCD,copy_move,True,0.8,11,291,187,11799,0.03642384105960265,0.05555555555555555,0.044,0.022494887525562373,0.9611002604166666,0.9759305210918114,0.024069478908188585,0.9444444444444444
FCD,copy_move,True,0.81,11,291,187,11799,0.03642384105960265,0.05555555555555555,0.044,0.022494887525562373,0.9611002604166666,0.9759305210918114,0.024069478908188585,0.9444444444444444
FCD,copy_move,True,0.82,11,291,187,11799,0.03642384105960265,0.05555555555555555,0.044,0.022494887525562373,0.9611002604166666,0.9759305210918114,0.024069478908188585,0.9444444444444444
FCD,copy_move,True,0.83,11,291,187,11799,0.03642384105960265,0.05555555555555555,0.044,0.022494887525562373,0.9611002604166666,0.9759305210918114,0.024069478908188585,0.9444444444444444
FCD,copy_move,True,0.84,11,291,187,11799,0.03642384105960265,0.05555555555555555,0.044,0.022494887525562373,0.9611002604166666,0.9759305210918114,0.024069478908188585,0.9444444444444444
FCD,copy_move,True,0.85,11,291,187,11799,0.03642384105960265,0.05555555555555555,0.044,0.022494887525562373,0.9611002604166666,0.9759305210918114,0.024069478908188585,0.9444444444444444
FCD,copy_move,True,0.86,11,291,187,11799,0.03642384105960265,0.05555555555555555,0.044,0.022494887525562373,0.9611002604166666,0.9759305210918114,0.024069478908188585,0.9444444444444444
FCD,copy_move,True,0.87,11,291,187,11799,0.03642384105960265,0.05555555555555555,0.044,0.022494887525562373,0.9611002604166666,0.9759305210918114,0.024069478908188585,0.9444444444444444
FCD,copy_move,True,0.88,11,291,187,11799,0.03642384105960265,0.05555555555555555,0.044,0.022494887525562373,0.9611002604166666,0.9759305210918114,0.024069478908188585,0.9444444444444444
FCD,copy_move,True,0.89,11,291,187,11799,0.03642384105960265,0.05555555555555555,0.044,0.022494887525562373,0.9611002604166666,0.9759305210918114,0.024069478908188585,0.9444444444444444
FCD,copy_move,True,0.9,11,291,187,11799,0.03642384105960265,0.05555555555555555,0.044,0.022494887525562373,0.9611002604166666,0.9759305210918114,0.024069478908188585,0.9444444444444444
FCD,copy_move,True,0.91,11,291,187,11799,0.03642384105960265,0.05555555555555555,0.044,0.022494887525562373,0.9611002604166666,0.9759305210918114,0.024069478908188585,0.9444444444444444
FCD,copy_move,True,0.92,11,291,187,11799,0.03642384105960265,0.05555555555555555,0.044,0.022494887525562373,0.9611002604166666,0.9759305210918114,0.024069478908188585,0.9444444444444444
FCD,copy_move,True,0.93,11,291,187,11799,0.03642384105960265,0.05555555555555555,0.044,0.022494887525562373,0.9611002604166666,0.9759305210918114,0.024069478908188585,0.9444444444444444
FCD,copy_move,True,0.94,11,291,187,11799,0.03642384105960265,0.05555555555555555,0.044,0.022494887525562373,0.9611002604166666,0.9759305210918114,0.024069478908188585,0.9444444444444444
FCD,copy_move,True,0.95,11,291,187,11799,0.03642384105960265,0.05555555555555555,0.044,0.022494887525562373,0.9611002604166666,0.9759305210918114,0.024069478908188585,0.9444444444444444
FCD,copy_move,True,0.96,11,291,187,11799,0.03642384105960265,0.05555555555555555,0.044,0.022494887525562373,0.9611002604166666,0.9759305210918114,0.024069478908188585,0.9444444444444444
FCD,copy_move,True,0.97,11,291,187,11799,0.03642384105960265,0.05555555555555555,0.044,0.022494887525562373,0.9611002604166666,0.9759305210918114,0.024069478908188585,0.9444444444444444
FCD,copy_move,True,0.98,11,291,187,11799,0.03642384105960265,0.05555555555555555,0.044,0.022494887525562373,0.9611002604166666,0.9759305210918114,0.024069478908188585,0.9444444444444444
FCD,copy_move,True,0.99,11,291,187,11799,0.03642384105960265,0.05555555555555555,0.044,0.022494887525562373,0.9611002604166666,0.9759305210918114,0.024069478908188585,0.9444444444444444
FCD,generation,True,0.01,16,1066,38,2976,0.014787430683918669,0.2962962962962963,0.02816901408450704,0.014285714285714285,0.73046875,0.7362691736763978,0.2637308263236022,0.7037037037037037
FCD,generation,True,0.02,16,1066,38,2976,0.014787430683918669,0.2962962962962963,0.02816901408450704,0.014285714285714285,0.73046875,0.7362691736763978,0.2637308263236022,0.7037037037037037
FCD,generation,True,0.03,16,1066,38,2976,0.014787430683918669,0.2962962962962963,0.02816901408450704,0.014285714285714285,0.73046875,0.7362691736763978,0.2637308263236022,0.7037037037037037
FCD,generation,True,0.04,16,1066,38,2976,0.014787430683918669,0.2962962962962963,0.02816901408450704,0.014285714285714285,0.73046875,0.7362691736763978,0.2637308263236022,0.7037037037037037
FCD,generation,True,0.05,16,1066,38,2976,0.014787430683918669,0.2962962962962963,0.02816901408450704,0.014285714285714285,0.73046875,0.7362691736763978,0.2637308263236022,0.7037037037037037
FCD,generation,True,0.06,16,1066,38,2976,0.014787430683918669,0.2962962962962963,0.02816901408450704,0.014285714285714285,0.73046875,0.7362691736763978,0.2637308263236022,0.7037037037037037
FCD,generation,True,0.07,16,1066,38,2976,0.014787430683918669,0.2962962962962963,0.02816901408450704,0.014285714285714285,0.73046875,0.7362691736763978,0.2637308263236022,0.7037037037037037
FCD,generation,True,0.08,16,1066,38,2976,0.014787430683918669,0.2962962962962963,0.02816901408450704,0.014285714285714285,0.73046875,0.7362691736763978,0.2637308263236022,0.7037037037037037
FCD,generation,True,0.09,16,1066,38,2976,0.014787430683918669,0.2962962962962963,0.02816901408450704,0.014285714285714285,0.73046875,0.7362691736763978,0.2637308263236022,0.7037037037037037
FCD,generation,True,0.1,16,1066,38,2976,0.014787430683918669,0.2962962962962963,0.02816901408450704,0.014285714285714285,0.73046875,0.7362691736763978,0.2637308263236022,0.7037037037037037
FCD,generation,True,0.11,16,1066,38,2976,0.014787430683918669,0.2962962962962963,0.02816901408450704,0.014285714285714285,0.73046875,0.7362691736763978,0.2637308263236022,0.7037037037037037
FCD,generation,True,0.12,16,1066,38,2976,0.014787430683918669,0.2962962962962963,0.02816901408450704,0.014285714285714285,0.73046875,0.7362691736763978,0.2637308263236022,0.7037037037037037
FCD,generation,True,0.13,16,1066,38,2976,0.014787430683918669,0.2962962962962963,0.02816901408450704,0.014285714285714285,0.73046875,0.7362691736763978,0.2637308263236022,0.7037037037037037
FCD,generation,True,0.14,16,1066,38,2976,0.014787430683918669,0.2962962962962963,0.02816901408450704,0.014285714285714285,0.73046875,0.7362691736763978,0.2637308263236022,0.7037037037037037
FCD,generation,True,0.15,16,1066,38,2976,0.014787430683918669,0.2962962962962963,0.02816901408450704,0.014285714285714285,0.73046875,0.7362691736763978,0.2637308263236022,0.7037037037037037
FCD,generation,True,0.16,16,1066,38,2976,0.014787430683918669,0.2962962962962963,0.02816901408450704,0.014285714285714285,0.73046875,0.7362691736763978,0.2637308263236022,0.7037037037037037
FCD,generation,True,0.17,16,1066,38,2976,0.014787430683918669,0.2962962962962963,0.02816901408450704,0.014285714285714285,0.73046875,0.7362691736763978,0.2637308263236022,0.7037037037037037
FCD,generation,True,0.18,16,1066,38,2976,0.014787430683918669,0.2962962962962963,0.02816901408450704,0.014285714285714285,0.73046875,0.7362691736763978,0.2637308263236022,0.7037037037037037
FCD,generation,True,0.19,16,1066,38,2976,0.014787430683918669,0.2962962962962963,0.02816901408450704,0.014285714285714285,0.73046875,0.7362691736763978,0.2637308263236022,0.7037037037037037
FCD,generation,True,0.2,16,1066,38,2976,0.014787430683918669,0.2962962962962963,0.02816901408450704,0.014285714285714285,0.73046875,0.7362691736763978,0.2637308263236022,0.7037037037037037
FCD,generation,True,0.21,16,1066,38,2976,0.014787430683918669,0.2962962962962963,0.02816901408450704,0.014285714285714285,0.73046875,0.7362691736763978,0.2637308263236022,0.7037037037037037
FCD,generation,True,0.22,16,1066,38,2976,0.014787430683918669,0.2962962962962963,0.02816901408450704,0.014285714285714285,0.73046875,0.7362691736763978,0.2637308263236022,0.7037037037037037
FCD,generation,True,0.23,16,1066,38,2976,0.014787430683918669,0.2962962962962963,0.02816901408450704,0.014285714285714285,0.73046875,0.7362691736763978,0.2637308263236022,0.7037037037037037
FCD,generation,True,0.24,16,1066,38,2976,0.014787430683918669,0.2962962962962963,0.02816901408450704,0.014285714285714285,0.73046875,0.7362691736763978,0.2637308263236022,0.7037037037037037
FCD,generation,True,0.25,16,1066,38,2976,0.014787430683918669,0.2962962962962963,0.02816901408450704,0.014285714285714285,0.73046875,0.7362691736763978,0.2637308263236022,0.7037037037037037
FCD,generation,True,0.26,16,1066,38,2976,0.014787430683918669,0.2962962962962963,0.02816901408450704,0.014285714285714285,0.73046875,0.7362691736763978,0.2637308263236022,0.7037037037037037
FCD,generation,True,0.27,16,1066,38,2976,0.014787430683918669,0.2962962962962963,0.02816901408450704,0.014285714285714285,0.73046875,0.7362691736763978,0.2637308263236022,0.7037037037037037
FCD,generation,True,0.28,16,1066,38,2976,0.014787430683918669,0.2962962962962963,0.02816901408450704,0.014285714285714285,0.73046875,0.7362691736763978,0.2637308263236022,0.7037037037037037
FCD,generation,True,0.29,16,1066,38,2976,0.014787430683918669,0.2962962962962963,0.02816901408450704,0.014285714285714285,0.73046875,0.7362691736763978,0.2637308263236022,0.7037037037037037
FCD,generation,True,0.3,16,1066,38,2976,0.014787430683918669,0.2962962962962963,0.02816901408450704,0.014285714285714285,0.73046875,0.7362691736763978,0.2637308263236022,0.7037037037037037
FCD,generation,True,0.31,16,1066,38,2976,0.014787430683918669,0.2962962962962963,0.02816901408450704,0.014285714285714285,0.73046875,0.7362691736763978,0.2637308263236022,0.7037037037037037
FCD,generation,True,0.32,16,1066,38,2976,0.014787430683918669,0.2962962962962963,0.02816901408450704,0.014285714285714285,0.73046875,0.7362691736763978,0.2637308263236022,0.7037037037037037
FCD,generation,True,0.33,16,1066,38,2976,0.014787430683918669,0.2962962962962963,0.02816901408450704,0.014285714285714285,0.73046875,0.7362691736763978,0.2637308263236022,0.7037037037037037
FCD,generation,True,0.34,2,205,52,3837,0.00966183574879227,0.037037037037037035,0.01532567049808429,0.007722007722007722,0.937255859375,0.9492825333993072,0.05071746660069273,0.9629629629629629
FCD,generation,True,0.35,2,205,52,3837,0.00966183574879227,0.037037037037037035,0.01532567049808429,0.007722007722007722,0.937255859375,0.9492825333993072,0.05071746660069273,0.9629629629629629
FCD,generation,True,0.36,2,205,52,3837,0.00966183574879227,0.037037037037037035,0.01532567049808429,0.007722007722007722,0.937255859375,0.9492825333993072,0.05071746660069273,0.9629629629629629
FCD,generation,True,0.37,2,205,52,3837,0.00966183574879227,0.037037037037037035,0.01532567049808429,0.007722007722007722,0.937255859375,0.9492825333993072,0.05071746660069273,0.9629629629629629
FCD,generation,True,0.38,2,205,52,3837,0.00966183574879227,0.037037037037037035,0.01532567049808429,0.007722007722007722,0.937255859375,0.9492825333993072,0.05071746660069273,0.9629629629629629
FCD,generation,True,0.39,2,205,52,3837,0.00966183574879227,0.037037037037037035,0.01532567049808429,0.007722007722007722,0.937255859375,0.9492825333993072,0.05071746660069273,0.9629629629629629
FCD,generation,True,0.4,2,205,52,3837,0.00966183574879227,0.037037037037037035,0.01532567049808429,0.007722007722007722,0.937255859375,0.9492825333993072,0.05071746660069273,0.9629629629629629
FCD,generation,True,0.41,2,205,52,3837,0.00966183574879227,0.037037037037037035,0.01532567049808429,0.007722007722007722,0.937255859375,0.9492825333993072,0.05071746660069273,0.9629629629629629
FCD,generation,True,0.42,2,205,52,3837,0.00966183574879227,0.037037037037037035,0.01532567049808429,0.007722007722007722,0.937255859375,0.9492825333993072,0.05071746660069273,0.9629629629629629
FCD,generation,True,0.43,2,205,52,3837,0.00966183574879227,0.037037037037037035,0.01532567049808429,0.007722007722007722,0.937255859375,0.9492825333993072,0.05071746660069273,0.9629629629629629
FCD,generation,True,0.44,2,205,52,3837,0.00966183574879227,0.037037037037037035,0.01532567049808429,0.007722007722007722,0.937255859375,0.9492825333993072,0.05071746660069273,0.9629629629629629
FCD,generation,True,0.45,2,205,52,3837,0.00966183574879227,0.037037037037037035,0.01532567049808429,0.007722007722007722,0.937255859375,0.9492825333993072,0.05071746660069273,0.9629629629629629
FCD,generation,True,0.46,2,205,52,3837,0.00966183574879227,0.037037037037037035,0.01532567049808429,0.007722007722007722,0.937255859375,0.9492825333993072,0.05071746660069273,0.9629629629629629
FCD,generation,True,0.47,2,205,52,3837,0.00966183574879227,0.037037037037037035,0.01532567049808429,0.007722007722007722,0.937255859375,0.9492825333993072,0.05071746660069273,0.9629629629629629
FCD,generation,True,0.48,2,205,52,3837,0.00966183574879227,0.037037037037037035,0.01532567049808429,0.007722007722007722,0.937255859375,0.9492825333993072,0.05071746660069273,0.9629629629629629
FCD,generation,True,0.49,2,205,52,3837,0.00966183574879227,0.037037037037037035,0.01532567049808429,0.007722007722007722,0.937255859375,0.9492825333993072,0.05071746660069273,0.9629629629629629
FCD,generation,True,0.5,2,205,52,3837,0.00966183574879227,0.037037037037037035,0.01532567049808429,0.007722007722007722,0.937255859375,0.9492825333993072,0.05071746660069273,0.9629629629629629
FCD,generation,True,0.51,2,205,52,3837,0.00966183574879227,0.037037037037037035,0.01532567049808429,0.007722007722007722,0.937255859375,0.9492825333993072,0.05071746660069273,0.9629629629629629
FCD,generation,True,0.52,2,205,52,3837,0.00966183574879227,0.037037037037037035,0.01532567049808429,0.007722007722007722,0.937255859375,0.9492825333993072,0.05071746660069273,0.9629629629629629
FCD,generation,True,0.53,2,205,52,3837,0.00966183574879227,0.037037037037037035,0.01532567049808429,0.007722007722007722,0.937255859375,0.9492825333993072,0.05071746660069273,0.9629629629629629
FCD,generation,True,0.54,2,205,52,3837,0.00966183574879227,0.037037037037037035,0.01532567049808429,0.007722007722007722,0.937255859375,0.9492825333993072,0.05071746660069273,0.9629629629629629
FCD,generation,True,0.55,2,205,52,3837,0.00966183574879227,0.037037037037037035,0.01532567049808429,0.007722007722007722,0.937255859375,0.9492825333993072,0.05071746660069273,0.9629629629629629
FCD,generation,True,0.56,2,205,52,3837,0.00966183574879227,0.037037037037037035,0.01532567049808429,0.007722007722007722,0.937255859375,0.9492825333993072,0.05071746660069273,0.9629629629629629
FCD,generation,True,0.57,2,205,52,3837,0.00966183574879227,0.037037037037037035,0.01532567049808429,0.007722007722007722,0.937255859375,0.9492825333993072,0.05071746660069273,0.9629629629629629
FCD,generation,True,0.58,2,205,52,3837,0.00966183574879227,0.037037037037037035,0.01532567049808429,0.007722007722007722,0.937255859375,0.9492825333993072,0.05071746660069273,0.9629629629629629
FCD,generation,True,0.59,2,205,52,3837,0.00966183574879227,0.037037037037037035,0.01532567049808429,0.007722007722007722,0.937255859375,0.9492825333993072,0.05071746660069273,0.9629629629629629
FCD,generation,True,0.6,2,205,52,3837,0.00966183574879227,0.037037037037037035,0.01532567049808429,0.007722007722007722,0.937255859375,0.9492825333993072,0.05071746660069273,0.9629629629629629
FCD,generation,True,0.61,2,205,52,3837,0.00966183574879227,0.037037037037037035,0.01532567049808429,0.007722007722007722,0.937255859375,0.9492825333993072,0.05071746660069273,0.9629629629629629
FCD,generation,True,0.62,2,205,52,3837,0.00966183574879227,0.037037037037037035,0.01532567049808429,0.007722007722007722,0.937255859375,0.9492825333993072,0.05071746660069273,0.9629629629629629
FCD,generation,True,0.63,2,205,52,3837,0.00966183574879227,0.037037037037037035,0.01532567049808429,0.007722007722007722,0.937255859375,0.9492825333993072,0.05071746660069273,0.9629629629629629
FCD,generation,True,0.64,2,205,52,3837,0.00966183574879227,0.037037037037037035,0.01532567049808429,0.007722007722007722,0.937255859375,0.9492825333993072,0.05071746660069273,0.9629629629629629
FCD,generation,True,0.65,2,205,52,3837,0.00966183574879227,0.037037037037037035,0.01532567049808429,0.007722007722007722,0.937255859375,0.9492825333993072,0.05071746660069273,0.9629629629629629
FCD,generation,True,0.66,2,205,52,3837,0.00966183574879227,0.037037037037037035,0.01532567049808429,0.007722007722007722,0.937255859375,0.9492825333993072,0.05071746660069273,0.9629629629629629
FCD,generation,True,0.67,1,61,53,3981,0.016129032258064516,0.018518518518518517,0.017241379310344827,0.008695652173913044,0.97216796875,0.9849084611578427,0.015091538842157347,0.9814814814814815
FCD,generation,True,0.68,1,61,53,3981,0.016129032258064516,0.018518518518518517,0.017241379310344827,0.008695652173913044,0.97216796875,0.9849084611578427,0.015091538842157347,0.9814814814814815
FCD,generation,True,0.69,1,61,53,3981,0.016129032258064516,0.018518518518518517,0.017241379310344827,0.008695652173913044,0.97216796875,0.9849084611578427,0.015091538842157347,0.9814814814814815
FCD,generation,True,0.7,1,61,53,3981,0.016129032258064516,0.018518518518518517,0.017241379310344827,0.008695652173913044,0.97216796875,0.9849084611578427,0.015091538842157347,0.9814814814814815
FCD,generation,True,0.71,1,61,53,3981,0.016129032258064516,0.018518518518518517,0.017241379310344827,0.008695652173913044,0.97216796875,0.9849084611578427,0.015091538842157347,0.9814814814814815
FCD,generation,True,0.72,1,61,53,3981,0.016129032258064516,0.018518518518518517,0.017241379310344827,0.008695652173913044,0.97216796875,0.9849084611578427,0.015091538842157347,0.9814814814814815
FCD,generation,True,0.73,1,61,53,3981,0.016129032258064516,0.018518518518518517,0.017241379310344827,0.008695652173913044,0.97216796875,0.9849084611578427,0.015091538842157347,0.9814814814814815
FCD,generation,True,0.74,1,61,53,3981,0.016129032258064516,0.018518518518518517,0.017241379310344827,0.008695652173913044,0.97216796875,0.9849084611578427,0.015091538842157347,0.9814814814814815
FCD,generation,True,0.75,1,61,53,3981,0.016129032258064516,0.018518518518518517,0.017241379310344827,0.008695652173913044,0.97216796875,0.9849084611578427,0.015091538842157347,0.9814814814814815
FCD,generation,True,0.76,1,61,53,3981,0.016129032258064516,0.018518518518518517,0.017241379310344827,0.008695652173913044,0.97216796875,0.9849084611578427,0.015091538842157347,0.9814814814814815
FCD,generation,True,0.77,1,61,53,3981,0.016129032258064516,0.018518518518518517,0.017241379310344827,0.008695652173913044,0.97216796875,0.9849084611578427,0.015091538842157347,0.9814814814814815
FCD,generation,True,0.78,1,61,53,3981,0.016129032258064516,0.018518518518518517,0.017241379310344827,0.008695652173913044,0.97216796875,0.9849084611578427,0.015091538842157347,0.9814814814814815
FCD,generation,True,0.79,1,61,53,3981,0.016129032258064516,0.018518518518518517,0.017241379310344827,0.008695652173913044,0.97216796875,0.9849084611578427,0.015091538842157347,0.9814814814814815
FCD,generation,True,0.8,1,61,53,3981,0.016129032258064516,0.018518518518518517,0.017241379310344827,0.008695652173913044,0.97216796875,0.9849084611578427,0.015091538842157347,0.9814814814814815
FCD,generation,True,0.81,1,61,53,3981,0.016129032258064516,0.018518518518518517,0.017241379310344827,0.008695652173913044,0.97216796875,0.9849084611578427,0.015091538842157347,0.9814814814814815
FCD,generation,True,0.82,1,61,53,3981,0.016129032258064516,0.018518518518518517,0.017241379310344827,0.008695652173913044,0.97216796875,0.9849084611578427,0.015091538842157347,0.9814814814814815
FCD,generation,True,0.83,1,61,53,3981,0.016129032258064516,0.018518518518518517,0.017241379310344827,0.008695652173913044,0.97216796875,0.9849084611578427,0.015091538842157347,0.9814814814814815
FCD,generation,True,0.84,1,61,53,3981,0.016129032258064516,0.018518518518518517,0.017241379310344827,0.008695652173913044,0.97216796875,0.9849084611578427,0.015091538842157347,0.9814814814814815
FCD,generation,True,0.85,1,61,53,3981,0.016129032258064516,0.018518518518518517,0.017241379310344827,0.008695652173913044,0.97216796875,0.9849084611578427,0.015091538842157347,0.9814814814814815
FCD,generation,True,0.86,1,61,53,3981,0.016129032258064516,0.018518518518518517,0.017241379310344827,0.008695652173913044,0.97216796875,0.9849084611578427,0.015091538842157347,0.9814814814814815
FCD,generation,True,0.87,1,61,53,3981,0.016129032258064516,0.018518518518518517,0.017241379310344827,0.008695652173913044,0.97216796875,0.9849084611578427,0.015091538842157347,0.9814814814814815
FCD,generation,True,0.88,1,61,53,3981,0.016129032258064516,0.018518518518518517,0.017241379310344827,0.008695652173913044,0.97216796875,0.9849084611578427,0.015091538842157347,0.9814814814814815
FCD,generation,True,0.89,1,61,53,3981,0.016129032258064516,0.018518518518518517,0.017241379310344827,0.008695652173913044,0.97216796875,0.9849084611578427,0.015091538842157347,0.9814814814814815
FCD,generation,True,0.9,1,61,53,3981,0.016129032258064516,0.018518518518518517,0.017241379310344827,0.008695652173913044,0.97216796875,0.9849084611578427,0.015091538842157347,0.9814814814814815
FCD,generation,True,0.91,1,61,53,3981,0.016129032258064516,0.018518518518518517,0.017241379310344827,0.008695652173913044,0.97216796875,0.9849084611578427,0.015091538842157347,0.9814814814814815
FCD,generation,True,0.92,1,61,53,3981,0.016129032258064516,0.018518518518518517,0.017241379310344827,0.008695652173913044,0.97216796875,0.9849084611578427,0.015091538842157347,0.9814814814814815
FCD,generation,True,0.93,1,61,53,3981,0.016129032258064516,0.018518518518518517,0.017241379310344827,0.008695652173913044,0.97216796875,0.9849084611578427,0.015091538842157347,0.9814814814814815
FCD,generation,True,0.94,1,61,53,3981,0.016129032258064516,0.018518518518518517,0.017241379310344827,0.008695652173913044,0.97216796875,0.9849084611578427,0.015091538842157347,0.9814814814814815
FCD,generation,True,0.95,1,61,53,3981,0.016129032258064516,0.018518518518518517,0.017241379310344827,0.008695652173913044,0.97216796875,0.9849084611578427,0.015091538842157347,0.9814814814814815
FCD,generation,True,0.96,1,61,53,3981,0.016129032258064516,0.018518518518518517,0.017241379310344827,0.008695652173913044,0.97216796875,0.9849084611578427,0.015091538842157347,0.9814814814814815
FCD,generation,True,0.97,1,61,53,3981,0.016129032258064516,0.018518518518518517,0.017241379310344827,0.008695652173913044,0.97216796875,0.9849084611578427,0.015091538842157347,0.9814814814814815
FCD,generation,True,0.98,1,61,53,3981,0.016129032258064516,0.018518518518518517,0.017241379310344827,0.008695652173913044,0.97216796875,0.9849084611578427,0.015091538842157347,0.9814814814814815
FCD,generation,True,0.99,1,61,53,3981,0.016129032258064516,0.018518518518518517,0.017241379310344827,0.008695652173913044,0.97216796875,0.9849084611578427,0.015091538842157347,0.9814814814814815
SCD,copy_move,True,0.01,154,4709,206,15411,0.03166769483857701,0.42777777777777776,0.05896994064713766,0.030380745709212863,0.760009765625,0.7659542743538768,0.23404572564612325,0.5722222222222222
SCD,copy_move,True,0.02,154,4709,206,15411,0.03166769483857701,0.42777777777777776,0.05896994064713766,0.030380745709212863,0.760009765625,0.7659542743538768,0.23404572564612325,0.5722222222222222
SCD,copy_move,True,0.03,154,4709,206,15411,0.03166769483857701,0.42777777777777776,0.05896994064713766,0.030380745709212863,0.760009765625,0.7659542743538768,0.23404572564612325,0.5722222222222222
SCD,copy_move,True,0.04,154,4709,206,15411,0.03166769483857701,0.42777777777777776,0.05896994064713766,0.030380745709212863,0.760009765625,0.7659542743538768,0.23404572564612325,0.5722222222222222
SCD,copy_move,True,0.05,154,4709,206,15411,0.03166769483857701,0.42777777777777776,0.05896994064713766,0.030380745709212863,0.760009765625,0.7659542743538768,0.23404572564612325,0.5722222222222222
SCD,copy_move,True,0.06,154,4709,206,15411,0.03166769483857701,0.42777777777777776,0.05896994064713766,0.030380745709212863,0.760009765625,0.7659542743538768,0.23404572564612325,0.5722222222222222
SCD,copy_move,True,0.07,154,4709,206,15411,0.03166769483857701,0.42777777777777776,0.05896994064713766,0.030380745709212863,0.760009765625,0.7659542743538768,0.23404572564612325,0.5722222222222222
SCD,copy_move,True,0.08,154,4709,206,15411,0.03166769483857701,0.42777777777777776,0.05896994064713766,0.030380745709212863,0.760009765625,0.7659542743538768,0.23404572564612325,0.5722222222222222
SCD,copy_move,True,0.09,154,4709,206,15411,0.03166769483857701,0.42777777777777776,0.05896994064713766,0.030380745709212863,0.760009765625,0.7659542743538768,0.23404572564612325,0.5722222222222222
SCD,copy_move,True,0.1,154,4709,206,15411,0.03166769483857701,0.42777777777777776,0.05896994064713766,0.030380745709212863,0.760009765625,0.7659542743538768,0.23404572564612325,0.5722222222222222
SCD,copy_move,True,0.11,154,4709,206,15411,0.03166769483857701,0.42777777777777776,0.05896994064713766,0.030380745709212863,0.760009765625,0.7659542743538768,0.23404572564612325,0.5722222222222222
SCD,copy_move,True,0.12,154,4709,206,15411,0.03166769483857701,0.42777777777777776,0.05896994064713766,0.030380745709212863,0.760009765625,0.7659542743538768,0.23404572564612325,0.5722222222222222
SCD,copy_move,True,0.13,154,4709,206,15411,0.03166769483857701,0.42777777777777776,0.05896994064713766,0.030380745709212863,0.760009765625,0.7659542743538768,0.23404572564612325,0.5722222222222222
SCD,copy_move,True,0.14,154,4709,206,15411,0.03166769483857701,0.42777777777777776,0.05896994064713766,0.030380745709212863,0.760009765625,0.7659542743538768,0.23404572564612325,0.5722222222222222
SCD,copy_move,True,0.15,154,4709,206,15411,0.03166769483857701,0.42777777777777776,0.05896994064713766,0.030380745709212863,0.760009765625,0.7659542743538768,0.23404572564612325,0.5722222222222222
SCD,copy_move,True,0.16,154,4709,206,15411,0.03166769483857701,0.42777777777777776,0.05896994064713766,0.030380745709212863,0.760009765625,0.7659542743538768,0.23404572564612325,0.5722222222222222
SCD,copy_move,True,0.17,154,4709,206,15411,0.03166769483857701,0.42777777777777776,0.05896994064713766,0.030380745709212863,0.760009765625,0.7659542743538768,0.23404572564612325,0.5722222222222222
SCD,copy_move,True,0.18,154,4709,206,15411,0.03166769483857701,0.42777777777777776,0.05896994064713766,0.030380745709212863,0.760009765625,0.7659542743538768,0.23404572564612325,0.5722222222222222
SCD,copy_move,True,0.19,154,4709,206,15411,0.03166769483857701,0.42777777777777776,0.05896994064713766,0.030380745709212863,0.760009765625,0.7659542743538768,0.23404572564612325,0.5722222222222222
SCD,copy_move,True,0.2,154,4709,206,15411,0.03166769483857701,0.42777777777777776,0.05896994064713766,0.030380745709212863,0.760009765625,0.7659542743538768,0.23404572564612325,0.5722222222222222
SCD,copy_move,True,0.21,154,4709,206,15411,0.03166769483857701,0.42777777777777776,0.05896994064713766,0.030380745709212863,0.760009765625,0.7659542743538768,0.23404572564612325,0.5722222222222222
SCD,copy_move,True,0.22,154,4709,206,15411,0.03166769483857701,0.42777777777777776,0.05896994064713766,0.030380745709212863,0.760009765625,0.7659542743538768,0.23404572564612325,0.5722222222222222
SCD,copy_move,True,0.23,154,4709,206,15411,0.03166769483857701,0.42777777777777776,0.05896994064713766,0.030380745709212863,0.760009765625,0.7659542743538768,0.23404572564612325,0.5722222222222222
SCD,copy_move,True,0.24,154,4709,206,15411,0.03166769483857701,0.42777777777777776,0.05896994064713766,0.030380745709212863,0.760009765625,0.7659542743538768,0.23404572564612325,0.5722222222222222
SCD,copy_move,True,0.25,154,4709,206,15411,0.03166769483857701,0.42777777777777776,0.05896994064713766,0.030380745709212863,0.760009765625,0.7659542743538768,0.23404572564612325,0.5722222222222222
SCD,copy_move,True,0.26,154,4709,206,15411,0.03166769483857701,0.42777777777777776,0.05896994064713766,0.030380745709212863,0.760009765625,0.7659542743538768,0.23404572564612325,0.5722222222222222
SCD,copy_move,True,0.27,154,4709,206,15411,0.03166769483857701,0.42777777777777776,0.05896994064713766,0.030380745709212863,0.760009765625,0.7659542743538768,0.23404572564612325,0.5722222222222222
SCD,copy_move,True,0.28,154,4709,206,15411,0.03166769483857701,0.42777777777777776,0.05896994064713766,0.030380745709212863,0.760009765625,0.7659542743538768,0.23404572564612325,0.5722222222222222
SCD,copy_move,True,0.29,154,4709,206,15411,0.03166769483857701,0.42777777777777776,0.05896994064713766,0.030380745709212863,0.760009765625,0.7659542743538768,0.23404572564612325,0.5722222222222222
SCD,copy_move,True,0.3,154,4709,206,15411,0.03166769483857701,0.42777777777777776,0.05896994064713766,0.030380745709212863,0.760009765625,0.7659542743538768,0.23404572564612325,0.5722222222222222
SCD,copy_move,True,0.31,154,4709,206,15411,0.03166769483857701,0.42777777777777776,0.05896994064713766,0.030380745709212863,0.760009765625,0.7659542743538768,0.23404572564612325,0.5722222222222222
SCD,copy_move,True,0.32,154,4709,206,15411,0.03166769483857701,0.42777777777777776,0.05896994064713766,0.030380745709212863,0.760009765625,0.7659542743538768,0.23404572564612325,0.5722222222222222
SCD,copy_move,True,0.33,154,4709,206,15411,0.03166769483857701,0.42777777777777776,0.05896994064713766,0.030380745709212863,0.760009765625,0.7659542743538768,0.23404572564612325,0.5722222222222222
SCD,copy_move,True,0.34,87,2320,273,17800,0.03614457831325301,0.24166666666666667,0.06288398988073726,0.03246268656716418,0.873388671875,0.8846918489065606,0.11530815109343936,0.7583333333333333
SCD,copy_move,True,0.35,87,2320,273,17800,0.03614457831325301,0.24166666666666667,0.06288398988073726,0.03246268656716418,0.873388671875,0.8846918489065606,0.11530815109343936,0.7583333333333333
SCD,copy_move,True,0.36,87,2320,273,17800,0.03614457831325301,0.24166666666666667,0.06288398988073726,0.03246268656716418,0.873388671875,0.8846918489065606,0.11530815109343936,0.7583333333333333
SCD,copy_move,True,0.37,87,2320,273,17800,0.03614457831325301,0.24166666666666667,0.06288398988073726,0.03246268656716418,0.873388671875,0.8846918489065606,0.11530815109343936,0.7583333333333333
SCD,copy_move,True,0.38,87,2320,273,17800,0.03614457831325301,0.24166666666666667,0.06288398988073726,0.03246268656716418,0.873388671875,0.8846918489065606,0.11530815109343936,0.7583333333333333
SCD,copy_move,True,0.39,87,2320,273,17800,0.03614457831325301,0.24166666666666667,0.06288398988073726,0.03246268656716418,0.873388671875,0.8846918489065606,0.11530815109343936,0.7583333333333333
SCD,copy_move,True,0.4,87,2320,273,17800,0.03614457831325301,0.24166666666666667,0.06288398988073726,0.03246268656716418,0.873388671875,0.8846918489065606,0.11530815109343936,0.7583333333333333
SCD,copy_move,True,0.41,87,2320,273,17800,0.03614457831325301,0.24166666666666667,0.06288398988073726,0.03246268656716418,0.873388671875,0.8846918489065606,0.11530815109343936,0.7583333333333333
SCD,copy_move,True,0.42,87,2320,273,17800,0.03614457831325301,0.24166666666666667,0.06288398988073726,0.03246268656716418,0.873388671875,0.8846918489065606,0.11530815109343936,0.7583333333333333
SCD,copy_move,True,0.43,87,2320,273,17800,0.03614457831325301,0.24166666666666667,0.06288398988073726,0.03246268656716418,0.873388671875,0.8846918489065606,0.11530815109343936,0.7583333333333333
SCD,copy_move,True,0.44,87,2320,273,17800,0.03614457831325301,0.24166666666666667,0.06288398988073726,0.03246268656716418,0.873388671875,0.8846918489065606,0.11530815109343936,0.7583333333333333
SCD,copy_move,True,0.45,87,2320,273,17800,0.03614457831325301,0.24166666666666667,0.06288398988073726,0.03246268656716418,0.873388671875,0.8846918489065606,0.11530815109343936,0.7583333333333333
SCD,copy_move,True,0.46,87,2320,273,17800,0.03614457831325301,0.24166666666666667,0.06288398988073726,0.03246268656716418,0.873388671875,0.8846918489065606,0.11530815109343936,0.7583333333333333
SCD,copy_move,True,0.47,87,2320,273,17800,0.03614457831325301,0.24166666666666667,0.06288398988073726,0.03246268656716418,0.873388671875,0.8846918489065606,0.11530815109343936,0.7583333333333333
SCD,copy_move,True,0.48,87,2320,273,17800,0.03614457831325301,0.24166666666666667,0.06288398988073726,0.03246268656716418,0.873388671875,0.8846918489065606,0.11530815109343936,0.7583333333333333
SCD,copy_move,True,0.49,87,2320,273,17800,0.03614457831325301,0.24166666666666667,0.06288398988073726,0.03246268656716418,0.873388671875,0.8846918489065606,0.11530815109343936,0.7583333333333333
SCD,copy_move,True,0.5,87,2320,273,17800,0.03614457831325301,0.24166666666666667,0.06288398988073726,0.03246268656716418,0.873388671875,0.8846918489065606,0.11530815109343936,0.7583333333333333
SCD,copy_move,True,0.51,29,932,331,19188,0.030176899063475548,0.08055555555555556,0.04390613171839516,0.02244582043343653,0.938330078125,0.9536779324055666,0.0463220675944334,0.9194444444444444
SCD,copy_move,True,0.52,29,932,331,19188,0.030176899063475548,0.08055555555555556,0.04390613171839516,0.02244582043343653,0.938330078125,0.9536779324055666,0.0463220675944334,0.9194444444444444
SCD,copy_move,True,0.53,29,932,331,19188,0.030176899063475548,0.08055555555555556,0.04390613171839516,0.02244582043343653,0.938330078125,0.9536779324055666,0.0463220675944334,0.9194444444444444
SCD,copy_move,True,0.54,29,932,331,19188,0.030176899063475548,0.08055555555555556,0.04390613171839516,0.02244582043343653,0.938330078125,0.9536779324055666,0.0463220675944334,0.9194444444444444
SCD,copy_move,True,0.55,29,932,331,19188,0.030176899063475548,0.08055555555555556,0.04390613171839516,0.02244582043343653,0.938330078125,0.9536779324055666,0.0463220675944334,0.9194444444444444
SCD,copy_move,True,0.56,29,932,331,19188,0.030176899063475548,0.08055555555555556,0.04390613171839516,0.02244582043343653,0.938330078125,0.9536779324055666,0.0463220675944334,0.9194444444444444
SCD,copy_move,True,0.57,29,932,331,19188,0.030176899063475548,0.08055555555555556,0.04390613171839516,0.02244582043343653,0.938330078125,0.9536779324055666,0.0463220675944334,0.9194444444444444
SCD,copy_move,True,0.58,29,932,331,19188,0.030176899063475548,0.08055555555555556,0.04390613171839516,0.02244582043343653,0.938330078125,0.9536779324055666,0.0463220675944334,0.9194444444444444
SCD,copy_move,True,0.59,29,932,331,19188,0.030176899063475548,0.08055555555555556,0.04390613171839516,0.02244582043343653,0.938330078125,0.9536779324055666,0.0463220675944334,0.9194444444444444
SCD,copy_move,True,0.6,29,932,331,19188,0.030176899063475548,0.08055555555555556,0.04390613171839516,0.02244582043343653,0.938330078125,0.9536779324055666,0.0463220675944334,0.9194444444444444
SCD,copy_move,True,0.61,29,932,331,19188,0.030176899063475548,0.08055555555555556,0.04390613171839516,0.02244582043343653,0.938330078125,0.9536779324055666,0.0463220675944334,0.9194444444444444
SCD,copy_move,True,0.62,29,932,331,19188,0.030176899063475548,0.08055555555555556,0.04390613171839516,0.02244582043343653,0.938330078125,0.9536779324055666,0.0463220675944334,0.9194444444444444
SCD,copy_move,True,0.63,29,932,331,19188,0.030176899063475548,0.08055555555555556,0.04390613171839516,0.02244582043343653,0.938330078125,0.9536779324055666,0.0463220675944334,0.9194444444444444
SCD,copy_move,True,0.64,29,932,331,19188,0.030176899063475548,0.08055555555555556,0.04390613171839516,0.02244582043343653,0.938330078125,0.9536779324055666,0.0463220675944334,0.9194444444444444
SCD,copy_move,True,0.65,29,932,331,19188,0.030176899063475548,0.08055555555555556,0.04390613171839516,0.02244582043343653,0.938330078125,0.9536779324055666,0.0463220675944334,0.9194444444444444
SCD,copy_move,True,0.66,29,932,331,19188,0.030176899063475548,0.08055555555555556,0.04390613171839516,0.02244582043343653,0.938330078125,0.9536779324055666,0.0463220675944334,0.9194444444444444
SCD,copy_move,True,0.67,21,479,339,19641,0.042,0.058333333333333334,0.04883720930232559,0.025029797377830752,0.96005859375,0.9761928429423459,0.023807157057654075,0.9416666666666667
SCD,copy_move,True,0.68,21,479,339,19641,0.042,0.058333333333333334,0.04883720930232559,0.025029797377830752,0.96005859375,0.9761928429423459,0.023807157057654075,0.9416666666666667
SCD,copy_move,True,0.69,21,479,339,19641,0.042,0.058333333333333334,0.04883720930232559,0.025029797377830752,0.96005859375,0.9761928429423459,0.023807157057654075,0.9416666666666667
SCD,copy_move,True,0.7,21,479,339,19641,0.042,0.058333333333333334,0.04883720930232559,0.025029797377830752,0.96005859375,0.9761928429423459,0.023807157057654075,0.9416666666666667
SCD,copy_move,True,0.71,21,479,339,19641,0.042,0.058333333333333334,0.04883720930232559,0.025029797377830752,0.96005859375,0.9761928429423459,0.023807157057654075,0.9416666666666667
SCD,copy_move,True,0.72,21,479,339,19641,0.042,0.058333333333333334,0.04883720930232559,0.025029797377830752,0.96005859375,0.9761928429423459,0.023807157057654075,0.9416666666666667
SCD,copy_move,True,0.73,21,479,339,19641,0.042,0.058333333333333334,0.04883720930232559,0.025029797377830752,0.96005859375,0.9761928429423459,0.023807157057654075,0.9416666666666667
SCD,copy_move,True,0.74,21,479,339,19641,0.042,0.058333333333333334,0.04883720930232559,0.025029797377830752,0.96005859375,0.9761928429423459,0.023807157057654075,0.9416666666666667
SCD,copy_move,True,0.75,21,479,339,19641,0.042,0.058333333333333334,0.04883720930232559,0.025029797377830752,0.96005859375,0.9761928429423459,0.023807157057654075,0.9416666666666667
SCD,copy_move,True,0.76,21,479,339,19641,0.042,0.058333333333333334,0.04883720930232559,0.025029797377830752,0.96005859375,0.9761928429423459,0.023807157057654075,0.9416666666666667
SCD,copy_move,True,0.77,21,479,339,19641,0.042,0.058333333333333334,0.04883720930232559,0.025029797377830752,0.96005859375,0.9761928429423459,0.023807157057654075,0.9416666666666667
SCD,copy_move,True,0.78,21,479,339,19641,0.042,0.058333333333333334,0.04883720930232559,0.025029797377830752,0.96005859375,0.9761928429423459,0.023807157057654075,0.9416666666666667
SCD,copy_move,True,0.79,21,479,339,19641,0.042,0.058333333333333334,0.04883720930232559,0.025029797377830752,0.96005859375,0.9761928429423459,0.023807157057654075,0.9416666666666667
SCD,copy_move,True,0.8,21,479,339,19641,0.042,0.058333333333333334,0.04883720930232559,0.025029797377830752,0.96005859375,0.9761928429423459,0.023807157057654075,0.9416666666666667
SCD,copy_move,True,0.81,21,479,339,19641,0.042,0.058333333333333334,0.04883720930232559,0.025029797377830752,0.96005859375,0.9761928429423459,0.023807157057654075,0.9416666666666667
SCD,copy_move,True,0.82,21,479,339,19641,0.042,0.058333333333333334,0.04883720930232559,0.025029797377830752,0.96005859375,0.9761928429423459,0.023807157057654075,0.9416666666666667
SCD,copy_move,True,0.83,21,479,339,19641,0.042,0.058333333333333334,0.04883720930232559,0.025029797377830752,0.96005859375,0.9761928429423459,0.023807157057654075,0.9416666666666667
SCD,copy_move,True,0.84,21,479,339,19641,0.042,0.058333333333333334,0.04883720930232559,0.025029797377830752,0.96005859375,0.9761928429423459,0.023807157057654075,0.9416666666666667
SCD,copy_move,True,0.85,21,479,339,19641,0.042,0.058333333333333334,0.04883720930232559,0.025029797377830752,0.96005859375,0.9761928429423459,0.023807157057654075,0.9416666666666667
SCD,copy_move,True,0.86,21,479,339,19641,0.042,0.058333333333333334,0.04883720930232559,0.025029797377830752,0.96005859375,0.9761928429423459,0.023807157057654075,0.9416666666666667
SCD,copy_move,True,0.87,21,479,339,19641,0.042,0.058333333333333334,0.04883720930232559,0.025029797377830752,0.96005859375,0.9761928429423459,0.023807157057654075,0.9416666666666667
SCD,copy_move,True,0.88,21,479,339,19641,0.042,0.058333333333333334,0.04883720930232559,0.025029797377830752,0.96005859375,0.9761928429423459,0.023807157057654075,0.9416666666666667
SCD,copy_move,True,0.89,21,479,339,19641,0.042,0.058333333333333334,0.04883720930232559,0.025029797377830752,0.96005859375,0.9761928429423459,0.023807157057654075,0.9416666666666667
SCD,copy_move,True,0.9,21,479,339,19641,0.042,0.058333333333333334,0.04883720930232559,0.025029797377830752,0.96005859375,0.9761928429423459,0.023807157057654075,0.9416666666666667
SCD,copy_move,True,0.91,21,479,339,19641,0.042,0.058333333333333334,0.04883720930232559,0.025029797377830752,0.96005859375,0.9761928429423459,0.023807157057654075,0.9416666666666667
SCD,copy_move,True,0.92,21,479,339,19641,0.042,0.058333333333333334,0.04883720930232559,0.025029797377830752,0.96005859375,0.9761928429423459,0.023807157057654075,0.9416666666666667
SCD,copy_move,True,0.93,21,479,339,19641,0.042,0.058333333333333334,0.04883720930232559,0.025029797377830752,0.96005859375,0.9761928429423459,0.023807157057654075,0.9416666666666667
SCD,copy_move,True,0.94,21,479,339,19641,0.042,0.058333333333333334,0.04883720930232559,0.025029797377830752,0.96005859375,0.9761928429423459,0.023807157057654075,0.9416666666666667
SCD,copy_move,True,0.95,21,479,339,19641,0.042,0.058333333333333334,0.04883720930232559,0.025029797377830752,0.96005859375,0.9761928429423459,0.023807157057654075,0.9416666666666667
SCD,copy_move,True,0.96,21,479,339,19641,0.042,0.058333333333333334,0.04883720930232559,0.025029797377830752,0.96005859375,0.9761928429423459,0.023807157057654075,0.9416666666666667
SCD,copy_move,True,0.97,21,479,339,19641,0.042,0.058333333333333334,0.04883720930232559,0.025029797377830752,0.96005859375,0.9761928429423459,0.023807157057654075,0.9416666666666667
SCD,copy_move,True,0.98,21,479,339,19641,0.042,0.058333333333333334,0.04883720930232559,0.025029797377830752,0.96005859375,0.9761928429423459,0.023807157057654075,0.9416666666666667
SCD,copy_move,True,0.99,21,479,339,19641,0.042,0.058333333333333334,0.04883720930232559,0.025029797377830752,0.96005859375,0.9761928429423459,0.023807157057654075,0.9416666666666667
